5.625000000000000000e-01,7.407407407407418098e-02,0.000000000000000000e+00,7.960422275469657416e-01
8.750000000000000000e-01,2.716049382716050342e-01,0.000000000000000000e+00,1.306725841793807685e-01
3.750000000000000000e-01,9.876543209876542662e-02,0.000000000000000000e+00,3.385796740607044386e-01
7.083333333333332593e-01,5.185185185185186008e-01,1.000000000000000000e+00,9.999999999999998890e-01
4.166666666666666297e-01,4.567901234567901536e-01,1.000000000000000000e+00,8.773289769888407141e-01
2.500000000000000000e-01,2.222222222222223209e-01,0.000000000000000000e+00,0.000000000000000000e+00
3.125000000000000000e-01,3.703703703703709049e-02,0.000000000000000000e+00,3.261843557162834584e-01
1.041666666666666297e-01,3.456790123456789932e-01,0.000000000000000000e+00,0.000000000000000000e+00
6.250000000000000000e-01,2.839506172839506570e-01,0.000000000000000000e+00,7.015971662322484370e-03
4.166666666666666297e-01,5.185185185185186008e-01,0.000000000000000000e+00,1.337270653222601413e-01
8.750000000000000000e-01,2.839506172839506570e-01,0.000000000000000000e+00,6.233192409356497210e-02
1.000000000000000000e+00,1.975308641975308532e-01,0.000000000000000000e+00,5.851587630702029807e-01
1.250000000000000000e-01,7.407407407407418098e-02,0.000000000000000000e+00,2.503377112103867264e-01
5.833333333333332593e-01,5.679012345679013141e-01,0.000000000000000000e+00,5.692466450295219360e-02
0.000000000000000000e+00,3.086419753086420137e-01,0.000000000000000000e+00,1.436084873837935594e-01
4.166666666666666297e-01,2.098765432098765871e-01,0.000000000000000000e+00,1.117387536346495791e-01
5.000000000000000000e-01,1.975308641975308532e-01,1.000000000000000000e+00,6.097659129043506709e-01
4.166666666666666297e-01,3.827160493827161947e-01,0.000000000000000000e+00,0.000000000000000000e+00
8.125000000000000000e-01,1.234567901234568943e-01,0.000000000000000000e+00,1.060467883803618006e-01
6.250000000000000000e-02,5.679012345679013141e-01,0.000000000000000000e+00,0.000000000000000000e+00
6.458333333333332593e-01,5.679012345679013141e-01,0.000000000000000000e+00,0.000000000000000000e+00
4.166666666666662966e-02,3.703703703703704608e-01,0.000000000000000000e+00,2.115082951972938607e-01
3.541666666666666297e-01,5.061728395061728669e-01,0.000000000000000000e+00,2.905751904001895314e-01
3.541666666666666297e-01,3.950617283950617065e-01,0.000000000000000000e+00,0.000000000000000000e+00
7.291666666666665186e-01,5.679012345679013141e-01,0.000000000000000000e+00,9.999999999999998890e-01
2.708333333333332593e-01,7.407407407407418098e-02,0.000000000000000000e+00,0.000000000000000000e+00
8.333333333333331483e-02,5.679012345679013141e-01,0.000000000000000000e+00,3.919165266288893168e-02
8.750000000000000000e-01,4.567901234567901536e-01,0.000000000000000000e+00,0.000000000000000000e+00
2.500000000000000000e-01,2.716049382716050342e-01,1.000000000000000000e+00,6.343561319022872347e-01
3.125000000000000000e-01,8.641975308641980380e-02,1.000000000000000000e+00,5.944036328650156298e-01
8.333333333333331483e-02,5.555555555555555802e-01,0.000000000000000000e+00,6.499861985964483502e-02
1.666666666666666297e-01,4.938271604938271331e-01,1.000000000000000000e+00,1.243108734668768034e-01
2.083333333333332593e-01,2.098765432098765871e-01,0.000000000000000000e+00,0.000000000000000000e+00
1.666666666666666297e-01,4.567901234567901536e-01,0.000000000000000000e+00,0.000000000000000000e+00
9.583333333333332593e-01,4.197530864197531741e-01,0.000000000000000000e+00,0.000000000000000000e+00
6.666666666666665186e-01,3.456790123456789932e-01,0.000000000000000000e+00,6.534286625112945002e-02
5.416666666666666297e-01,4.938271604938271331e-02,0.000000000000000000e+00,4.587822764427899047e-01
8.333333333333332593e-01,1.234567901234568943e-01,1.000000000000000000e+00,4.443777862003763790e-01
5.208333333333332593e-01,3.703703703703704608e-01,1.000000000000000000e+00,0.000000000000000000e+00
1.250000000000000000e-01,4.938271604938271331e-01,0.000000000000000000e+00,0.000000000000000000e+00
4.166666666666662966e-02,2.098765432098765871e-01,0.000000000000000000e+00,0.000000000000000000e+00
1.000000000000000000e+00,5.555555555555555802e-01,0.000000000000000000e+00,0.000000000000000000e+00
1.458333333333332593e-01,4.938271604938271331e-02,0.000000000000000000e+00,0.000000000000000000e+00
7.083333333333332593e-01,3.827160493827161947e-01,0.000000000000000000e+00,9.470909544451450168e-01
1.666666666666666297e-01,7.407407407407418098e-02,0.000000000000000000e+00,0.000000000000000000e+00
5.416666666666666297e-01,3.333333333333333703e-01,0.000000000000000000e+00,0.000000000000000000e+00
1.458333333333332593e-01,2.222222222222223209e-01,0.000000000000000000e+00,0.000000000000000000e+00
7.500000000000000000e-01,5.555555555555555802e-01,1.000000000000000000e+00,2.565470242886823682e-01
9.583333333333332593e-01,6.172839506172844715e-02,0.000000000000000000e+00,0.000000000000000000e+00
4.166666666666662966e-02,3.950617283950617065e-01,0.000000000000000000e+00,0.000000000000000000e+00
2.500000000000000000e-01,3.950617283950617065e-01,0.000000000000000000e+00,0.000000000000000000e+00
9.375000000000000000e-01,3.209876543209877475e-01,0.000000000000000000e+00,1.268270903901284608e-01
8.958333333333332593e-01,8.641975308641980380e-02,1.000000000000000000e+00,0.000000000000000000e+00
5.208333333333332593e-01,4.938271604938271331e-01,0.000000000000000000e+00,0.000000000000000000e+00
8.333333333333332593e-01,9.876543209876542662e-02,1.000000000000000000e+00,2.280279170433952007e-02
4.791666666666666297e-01,1.481481481481481399e-01,0.000000000000000000e+00,1.389661912766038121e-01
8.750000000000000000e-01,2.962962962962962798e-01,0.000000000000000000e+00,4.394736038626101404e-02
6.458333333333332593e-01,9.876543209876542662e-02,0.000000000000000000e+00,1.031518212636246545e-01
1.041666666666666297e-01,3.456790123456789932e-01,0.000000000000000000e+00,0.000000000000000000e+00
5.833333333333332593e-01,2.592592592592593004e-01,0.000000000000000000e+00,0.000000000000000000e+00
3.750000000000000000e-01,2.345679012345679437e-01,0.000000000000000000e+00,0.000000000000000000e+00
7.708333333333332593e-01,1.234567901234568943e-01,0.000000000000000000e+00,0.000000000000000000e+00
1.041666666666666297e-01,3.580246913580247270e-01,0.000000000000000000e+00,0.000000000000000000e+00
2.708333333333332593e-01,3.333333333333333703e-01,1.000000000000000000e+00,0.000000000000000000e+00
9.583333333333332593e-01,1.481481481481481399e-01,0.000000000000000000e+00,7.056076878474598635e-02
1.666666666666666297e-01,3.456790123456789932e-01,0.000000000000000000e+00,0.000000000000000000e+00
6.458333333333332593e-01,5.679012345679013141e-01,0.000000000000000000e+00,0.000000000000000000e+00
2.083333333333331483e-02,1.111111111111111605e-01,0.000000000000000000e+00,1.493319597362984807e-01
4.583333333333332593e-01,2.469135802469146768e-02,0.000000000000000000e+00,0.000000000000000000e+00
2.916666666666666297e-01,7.407407407407418098e-02,0.000000000000000000e+00,4.060181152140773797e-02
1.875000000000000000e-01,2.469135802469146768e-02,0.000000000000000000e+00,2.384830202116147158e-01
7.708333333333332593e-01,5.308641975308641126e-01,1.000000000000000000e+00,5.868193380260972036e-02
9.375000000000000000e-01,2.098765432098765871e-01,0.000000000000000000e+00,4.128905379664592479e-01
1.458333333333332593e-01,2.098765432098765871e-01,1.000000000000000000e+00,0.000000000000000000e+00
7.291666666666665186e-01,3.703703703703709049e-02,0.000000000000000000e+00,1.313097696145669735e-01
1.000000000000000000e+00,2.962962962962962798e-01,0.000000000000000000e+00,0.000000000000000000e+00
1.041666666666666297e-01,4.074074074074074403e-01,0.000000000000000000e+00,0.000000000000000000e+00
3.750000000000000000e-01,2.839506172839506570e-01,0.000000000000000000e+00,0.000000000000000000e+00
6.458333333333332593e-01,3.703703703703709049e-02,0.000000000000000000e+00,0.000000000000000000e+00
2.500000000000000000e-01,4.444444444444444198e-01,1.000000000000000000e+00,4.156716213974065433e-02
5.416666666666666297e-01,1.604938271604938738e-01,0.000000000000000000e+00,0.000000000000000000e+00
9.375000000000000000e-01,3.703703703703709049e-02,0.000000000000000000e+00,3.054436987126964986e-01
1.875000000000000000e-01,9.876543209876542662e-02,0.000000000000000000e+00,1.502099538406756474e-01
5.833333333333332593e-01,2.962962962962962798e-01,0.000000000000000000e+00,0.000000000000000000e+00
5.833333333333332593e-01,6.172839506172844715e-02,0.000000000000000000e+00,6.061208531591405491e-01
2.708333333333332593e-01,3.703703703703704608e-01,1.000000000000000000e+00,9.006244861749627129e-01
5.833333333333332593e-01,5.308641975308641126e-01,0.000000000000000000e+00,4.324156041299397346e-01
4.166666666666662966e-02,4.938271604938271331e-01,0.000000000000000000e+00,0.000000000000000000e+00
3.541666666666666297e-01,1.975308641975308532e-01,0.000000000000000000e+00,0.000000000000000000e+00
3.125000000000000000e-01,8.641975308641980380e-02,1.000000000000000000e+00,3.725595225826925372e-01
5.833333333333332593e-01,1.234567901234568943e-01,0.000000000000000000e+00,0.000000000000000000e+00
9.375000000000000000e-01,5.432098765432098464e-01,0.000000000000000000e+00,4.547047624454005899e-01
7.083333333333332593e-01,3.086419753086420137e-01,0.000000000000000000e+00,7.833790651539807026e-02
7.500000000000000000e-01,1.851851851851852304e-01,1.000000000000000000e+00,3.376630953477204322e-01
7.291666666666665186e-01,3.209876543209877475e-01,0.000000000000000000e+00,1.181024844858969414e-01
6.250000000000000000e-02,5.432098765432098464e-01,0.000000000000000000e+00,2.302853067508511264e-01
3.333333333333332593e-01,2.839506172839506570e-01,0.000000000000000000e+00,3.127081518506175106e-02
2.708333333333332593e-01,3.580246913580247270e-01,1.000000000000000000e+00,8.126903816509222223e-01
7.083333333333332593e-01,1.481481481481481399e-01,0.000000000000000000e+00,5.818306812465878775e-02
5.000000000000000000e-01,5.679012345679013141e-01,0.000000000000000000e+00,1.312069464907636984e-01
1.250000000000000000e-01,5.555555555555555802e-01,0.000000000000000000e+00,8.900930041764413270e-01
5.625000000000000000e-01,4.938271604938271331e-01,0.000000000000000000e+00,0.000000000000000000e+00
8.541666666666665186e-01,5.061728395061728669e-01,0.000000000000000000e+00,0.000000000000000000e+00
6.250000000000000000e-02,6.172839506172844715e-02,0.000000000000000000e+00,3.345108000192693609e-01
1.041666666666666297e-01,5.555555555555555802e-01,0.000000000000000000e+00,0.000000000000000000e+00
3.125000000000000000e-01,2.098765432098765871e-01,0.000000000000000000e+00,9.409325648157172983e-01
8.750000000000000000e-01,8.641975308641980380e-02,0.000000000000000000e+00,0.000000000000000000e+00
2.708333333333332593e-01,5.555555555555555802e-01,0.000000000000000000e+00,0.000000000000000000e+00
2.083333333333332593e-01,2.962962962962962798e-01,1.000000000000000000e+00,9.233042434070913851e-01
9.583333333333332593e-01,2.469135802469146768e-02,0.000000000000000000e+00,6.013035694606787551e-01
7.708333333333332593e-01,4.938271604938271331e-01,0.000000000000000000e+00,8.773297669206753246e-01
3.541666666666666297e-01,8.641975308641980380e-02,0.000000000000000000e+00,3.076069817894641067e-01
2.291666666666666297e-01,2.839506172839506570e-01,0.000000000000000000e+00,0.000000000000000000e+00
3.541666666666666297e-01,1.358024691358025171e-01,0.000000000000000000e+00,9.124551791111249477e-01
6.041666666666666297e-01,3.086419753086420137e-01,0.000000000000000000e+00,0.000000000000000000e+00
1.458333333333332593e-01,2.345679012345679437e-01,1.000000000000000000e+00,2.661069994017466467e-01
7.708333333333332593e-01,4.320987654320986859e-01,0.000000000000000000e+00,3.249706272282276709e-01
8.541666666666665186e-01,1.358024691358025171e-01,0.000000000000000000e+00,0.000000000000000000e+00
1.000000000000000000e+00,4.938271604938271331e-02,0.000000000000000000e+00,1.979351399827987690e-01
2.916666666666666297e-01,9.876543209876542662e-02,0.000000000000000000e+00,3.143575822881838899e-01
7.500000000000000000e-01,1.604938271604938738e-01,1.000000000000000000e+00,1.238126301582616051e-01
9.375000000000000000e-01,2.592592592592593004e-01,0.000000000000000000e+00,0.000000000000000000e+00
4.166666666666666297e-01,2.592592592592593004e-01,0.000000000000000000e+00,1.020010811642641513e-01
1.041666666666666297e-01,4.814814814814816213e-01,0.000000000000000000e+00,5.105848275011759529e-01
3.125000000000000000e-01,4.074074074074074403e-01,0.000000000000000000e+00,0.000000000000000000e+00
2.708333333333332593e-01,5.432098765432098464e-01,0.000000000000000000e+00,0.000000000000000000e+00
5.208333333333332593e-01,3.086419753086420137e-01,1.000000000000000000e+00,0.000000000000000000e+00
4.375000000000000000e-01,6.172839506172844715e-02,0.000000000000000000e+00,8.625300243539405498e-01
8.541666666666665186e-01,2.839506172839506570e-01,0.000000000000000000e+00,2.180513179813429181e-01
2.083333333333331483e-02,1.358024691358025171e-01,0.000000000000000000e+00,1.328071225269301103e-01
2.083333333333332593e-01,2.469135802469146768e-02,0.000000000000000000e+00,0.000000000000000000e+00
8.541666666666665186e-01,3.950617283950617065e-01,1.000000000000000000e+00,1.732531180868046028e-01
4.166666666666666297e-01,5.432098765432098464e-01,0.000000000000000000e+00,0.000000000000000000e+00
1.041666666666666297e-01,5.555555555555555802e-01,0.000000000000000000e+00,3.603935081049514100e-02
3.333333333333332593e-01,4.938271604938271331e-01,0.000000000000000000e+00,0.000000000000000000e+00
1.875000000000000000e-01,3.703703703703704608e-01,0.000000000000000000e+00,2.195128310863398990e-01
3.958333333333332593e-01,4.320987654320986859e-01,0.000000000000000000e+00,1.854083011867233011e-01
1.000000000000000000e+00,2.962962962962962798e-01,0.000000000000000000e+00,0.000000000000000000e+00
6.875000000000000000e-01,4.320987654320986859e-01,0.000000000000000000e+00,1.294645915072995535e-01
6.250000000000000000e-01,1.481481481481481399e-01,1.000000000000000000e+00,0.000000000000000000e+00
4.583333333333332593e-01,5.432098765432098464e-01,0.000000000000000000e+00,0.000000000000000000e+00
7.500000000000000000e-01,9.876543209876542662e-02,0.000000000000000000e+00,1.422667770973921053e-01
3.125000000000000000e-01,1.851851851851852304e-01,0.000000000000000000e+00,6.788920573093715216e-02
3.125000000000000000e-01,1.975308641975308532e-01,0.000000000000000000e+00,2.050808313105514369e-01
8.541666666666665186e-01,3.703703703703704608e-01,0.000000000000000000e+00,9.999999999999998890e-01
7.083333333333332593e-01,2.962962962962962798e-01,0.000000000000000000e+00,3.237865980141827471e-01
3.541666666666666297e-01,1.728395061728396076e-01,0.000000000000000000e+00,0.000000000000000000e+00
8.541666666666665186e-01,2.098765432098765871e-01,0.000000000000000000e+00,4.020293593765025264e-01
7.291666666666665186e-01,3.456790123456789932e-01,1.000000000000000000e+00,0.000000000000000000e+00
6.666666666666665186e-01,2.469135802469146768e-02,0.000000000000000000e+00,0.000000000000000000e+00
7.916666666666665186e-01,2.592592592592593004e-01,0.000000000000000000e+00,1.427166248497235834e-02
6.041666666666666297e-01,8.024691358024691468e-01,0.000000000000000000e+00,7.583169247799933510e-01
8.125000000000000000e-01,2.345679012345679437e-01,0.000000000000000000e+00,0.000000000000000000e+00
5.000000000000000000e-01,4.814814814814816213e-01,0.000000000000000000e+00,0.000000000000000000e+00
6.250000000000000000e-02,8.271604938271603924e-01,0.000000000000000000e+00,7.994276543315248507e-03
9.166666666666665186e-01,7.283950617283949658e-01,1.000000000000000000e+00,0.000000000000000000e+00
9.166666666666665186e-01,2.222222222222223209e-01,0.000000000000000000e+00,4.066760762300574150e-01
4.166666666666662966e-02,3.086419753086420137e-01,0.000000000000000000e+00,0.000000000000000000e+00
5.208333333333332593e-01,8.641975308641975939e-01,0.000000000000000000e+00,0.000000000000000000e+00
5.833333333333332593e-01,2.222222222222223209e-01,0.000000000000000000e+00,0.000000000000000000e+00
8.333333333333332593e-01,8.024691358024691468e-01,0.000000000000000000e+00,0.000000000000000000e+00
2.083333333333331483e-02,3.333333333333333703e-01,0.000000000000000000e+00,9.288943527448220161e-01
3.333333333333332593e-01,5.802469135802470479e-01,0.000000000000000000e+00,3.258984655103248640e-01
7.291666666666665186e-01,2.716049382716050342e-01,0.000000000000000000e+00,4.883714672865513418e-02
2.291666666666666297e-01,3.086419753086420137e-01,0.000000000000000000e+00,0.000000000000000000e+00
2.916666666666666297e-01,6.543209876543210068e-01,0.000000000000000000e+00,2.825342247334139412e-01
0.000000000000000000e+00,3.209876543209877475e-01,0.000000000000000000e+00,0.000000000000000000e+00
2.083333333333332593e-01,4.691358024691358874e-01,0.000000000000000000e+00,0.000000000000000000e+00
5.416666666666666297e-01,2.716049382716050342e-01,0.000000000000000000e+00,4.370806936470211790e-01
5.000000000000000000e-01,3.580246913580247270e-01,0.000000000000000000e+00,1.071108581468349086e-01
6.250000000000000000e-01,5.061728395061728669e-01,1.000000000000000000e+00,3.137916854131729272e-01
2.500000000000000000e-01,3.580246913580247270e-01,0.000000000000000000e+00,1.076020112342060409e-01
2.708333333333332593e-01,3.456790123456789932e-01,0.000000000000000000e+00,2.875152293018775618e-01
6.041666666666666297e-01,3.950617283950617065e-01,0.000000000000000000e+00,0.000000000000000000e+00
1.250000000000000000e-01,2.716049382716050342e-01,0.000000000000000000e+00,0.000000000000000000e+00
7.708333333333332593e-01,8.024691358024691468e-01,0.000000000000000000e+00,2.213414453469522147e-01
5.000000000000000000e-01,2.469135802469135665e-01,0.000000000000000000e+00,0.000000000000000000e+00
3.541666666666666297e-01,6.790123456790124745e-01,0.000000000000000000e+00,0.000000000000000000e+00
3.125000000000000000e-01,2.839506172839506570e-01,0.000000000000000000e+00,0.000000000000000000e+00
1.000000000000000000e+00,3.333333333333333703e-01,0.000000000000000000e+00,3.282320211224631912e-02
4.166666666666666297e-01,2.098765432098765871e-01,1.000000000000000000e+00,0.000000000000000000e+00
3.958333333333332593e-01,5.925925925925925597e-01,1.000000000000000000e+00,0.000000000000000000e+00
2.500000000000000000e-01,4.320987654320986859e-01,1.000000000000000000e+00,0.000000000000000000e+00
3.750000000000000000e-01,8.395061728395061262e-01,0.000000000000000000e+00,0.000000000000000000e+00
2.500000000000000000e-01,6.913580246913579863e-01,0.000000000000000000e+00,2.017255035797946849e-01
5.833333333333332593e-01,4.938271604938271331e-01,1.000000000000000000e+00,0.000000000000000000e+00
2.083333333333331483e-02,9.629629629629630205e-01,0.000000000000000000e+00,0.000000000000000000e+00
1.458333333333332593e-01,7.160493827160494540e-01,0.000000000000000000e+00,4.065199575554540035e-02
5.000000000000000000e-01,5.185185185185186008e-01,0.000000000000000000e+00,0.000000000000000000e+00
3.541666666666666297e-01,6.049382716049382935e-01,0.000000000000000000e+00,6.409718937172222963e-01
2.500000000000000000e-01,4.938271604938271331e-01,0.000000000000000000e+00,0.000000000000000000e+00
6.250000000000000000e-01,7.160493827160494540e-01,0.000000000000000000e+00,9.362854642554591100e-02
6.666666666666665186e-01,9.382716049382715529e-01,0.000000000000000000e+00,2.041477656663998053e-02
3.125000000000000000e-01,6.913580246913579863e-01,0.000000000000000000e+00,0.000000000000000000e+00
5.208333333333332593e-01,4.074074074074074403e-01,0.000000000000000000e+00,1.681500894633707888e-01
2.083333333333331483e-02,1.000000000000000000e+00,0.000000000000000000e+00,0.000000000000000000e+00
4.375000000000000000e-01,8.518518518518518601e-01,0.000000000000000000e+00,2.543877862220444985e-01
5.625000000000000000e-01,4.814814814814816213e-01,0.000000000000000000e+00,2.742974083256042306e-01
6.250000000000000000e-01,6.049382716049382935e-01,0.000000000000000000e+00,9.999999999999998890e-01
4.166666666666662966e-02,4.320987654320986859e-01,0.000000000000000000e+00,5.162582179381374203e-01
4.583333333333332593e-01,4.938271604938271331e-01,0.000000000000000000e+00,0.000000000000000000e+00
2.916666666666666297e-01,3.827160493827161947e-01,1.000000000000000000e+00,0.000000000000000000e+00
2.500000000000000000e-01,5.555555555555555802e-01,0.000000000000000000e+00,3.937240466701336095e-01
1.250000000000000000e-01,9.506172839506172867e-01,0.000000000000000000e+00,2.120812239125002829e-01
1.875000000000000000e-01,8.518518518518518601e-01,0.000000000000000000e+00,2.068361319275414112e-01
8.750000000000000000e-01,6.913580246913579863e-01,0.000000000000000000e+00,0.000000000000000000e+00
2.708333333333332593e-01,7.777777777777779011e-01,0.000000000000000000e+00,2.363668839772714581e-02
0.000000000000000000e+00,8.888888888888888395e-01,0.000000000000000000e+00,0.000000000000000000e+00
2.916666666666666297e-01,5.185185185185186008e-01,0.000000000000000000e+00,9.706248580686716032e-02
6.458333333333332593e-01,7.283950617283949658e-01,0.000000000000000000e+00,8.056400813347353029e-03
4.791666666666666297e-01,5.432098765432098464e-01,1.000000000000000000e+00,3.093265255868290486e-01
2.291666666666666297e-01,3.580246913580247270e-01,1.000000000000000000e+00,1.071866501825415874e-01
8.750000000000000000e-01,5.802469135802470479e-01,0.000000000000000000e+00,2.599120264243287570e-01
5.833333333333332593e-01,7.407407407407406996e-01,0.000000000000000000e+00,0.000000000000000000e+00
7.083333333333332593e-01,4.567901234567901536e-01,0.000000000000000000e+00,0.000000000000000000e+00
8.333333333333331483e-02,4.938271604938271331e-01,0.000000000000000000e+00,0.000000000000000000e+00
1.000000000000000000e+00,6.419753086419752730e-01,0.000000000000000000e+00,2.522276059549727334e-02
9.791666666666665186e-01,9.259259259259258190e-01,0.000000000000000000e+00,1.245948941907577545e-01
9.166666666666665186e-01,8.641975308641975939e-01,0.000000000000000000e+00,9.999999999999998890e-01
3.541666666666666297e-01,6.543209876543210068e-01,1.000000000000000000e+00,1.977806868682069341e-02
6.666666666666665186e-01,6.296296296296295392e-01,1.000000000000000000e+00,0.000000000000000000e+00
8.958333333333332593e-01,8.271604938271603924e-01,1.000000000000000000e+00,0.000000000000000000e+00
6.458333333333332593e-01,6.666666666666667407e-01,0.000000000000000000e+00,0.000000000000000000e+00
1.458333333333332593e-01,5.061728395061728669e-01,0.000000000000000000e+00,1.550639092219291415e-01
3.958333333333332593e-01,5.185185185185186008e-01,0.000000000000000000e+00,0.000000000000000000e+00
8.125000000000000000e-01,9.506172839506172867e-01,0.000000000000000000e+00,4.319702886919679630e-02
8.750000000000000000e-01,5.555555555555555802e-01,0.000000000000000000e+00,6.538158935963861440e-02
5.416666666666666297e-01,9.012345679012345734e-01,0.000000000000000000e+00,8.448130269466236353e-02
8.333333333333331483e-02,8.765432098765433278e-01,0.000000000000000000e+00,0.000000000000000000e+00
7.916666666666665186e-01,4.444444444444444198e-01,1.000000000000000000e+00,0.000000000000000000e+00
9.375000000000000000e-01,8.641975308641980380e-02,0.000000000000000000e+00,0.000000000000000000e+00
3.750000000000000000e-01,2.839506172839506570e-01,0.000000000000000000e+00,0.000000000000000000e+00
7.291666666666665186e-01,2.716049382716050342e-01,0.000000000000000000e+00,0.000000000000000000e+00
2.291666666666666297e-01,9.876543209876542662e-02,1.000000000000000000e+00,1.353307454440417223e-01
2.916666666666666297e-01,1.111111111111111605e-01,0.000000000000000000e+00,0.000000000000000000e+00
0.000000000000000000e+00,2.469135802469135665e-01,0.000000000000000000e+00,2.579562492603458823e-01
3.541666666666666297e-01,5.185185185185186008e-01,0.000000000000000000e+00,6.100201130627959101e-01
3.333333333333332593e-01,3.333333333333333703e-01,0.000000000000000000e+00,0.000000000000000000e+00
9.166666666666665186e-01,4.691358024691358874e-01,1.000000000000000000e+00,1.383503428584096917e-01
7.500000000000000000e-01,5.185185185185186008e-01,1.000000000000000000e+00,2.196807550815005339e-01
6.458333333333332593e-01,5.432098765432098464e-01,0.000000000000000000e+00,0.000000000000000000e+00
6.250000000000000000e-02,4.074074074074074403e-01,0.000000000000000000e+00,0.000000000000000000e+00
4.166666666666662966e-02,8.641975308641980380e-02,0.000000000000000000e+00,1.000617554205718296e-03
6.458333333333332593e-01,4.567901234567901536e-01,0.000000000000000000e+00,0.000000000000000000e+00
6.041666666666666297e-01,4.320987654320986859e-01,0.000000000000000000e+00,0.000000000000000000e+00
7.708333333333332593e-01,8.641975308641980380e-02,0.000000000000000000e+00,0.000000000000000000e+00
2.291666666666666297e-01,2.469135802469135665e-01,0.000000000000000000e+00,4.192427461881927941e-01
7.083333333333332593e-01,2.716049382716050342e-01,0.000000000000000000e+00,3.842589550143417076e-01
6.041666666666666297e-01,1.604938271604938738e-01,1.000000000000000000e+00,0.000000000000000000e+00
2.083333333333331483e-02,4.444444444444444198e-01,0.000000000000000000e+00,0.000000000000000000e+00
1.458333333333332593e-01,4.814814814814816213e-01,0.000000000000000000e+00,1.674479381567793856e-01
9.791666666666665186e-01,1.481481481481481399e-01,1.000000000000000000e+00,0.000000000000000000e+00
2.916666666666666297e-01,5.185185185185186008e-01,0.000000000000000000e+00,6.182300556293451876e-02
7.291666666666665186e-01,5.679012345679013141e-01,0.000000000000000000e+00,0.000000000000000000e+00
8.750000000000000000e-01,4.691358024691358874e-01,0.000000000000000000e+00,2.248833547536198685e-01
3.958333333333332593e-01,3.209876543209877475e-01,1.000000000000000000e+00,2.260320982568416737e-01
4.166666666666662966e-02,2.962962962962962798e-01,0.000000000000000000e+00,0.000000000000000000e+00
8.333333333333331483e-02,6.172839506172844715e-02,0.000000000000000000e+00,0.000000000000000000e+00
8.125000000000000000e-01,5.555555555555555802e-01,0.000000000000000000e+00,0.000000000000000000e+00
3.125000000000000000e-01,4.320987654320986859e-01,0.000000000000000000e+00,1.966841117134667249e-01
6.250000000000000000e-01,4.197530864197531741e-01,0.000000000000000000e+00,0.000000000000000000e+00
1.458333333333332593e-01,1.234567901234568943e-01,0.000000000000000000e+00,0.000000000000000000e+00
7.500000000000000000e-01,1.358024691358025171e-01,0.000000000000000000e+00,0.000000000000000000e+00
3.750000000000000000e-01,5.432098765432098464e-01,0.000000000000000000e+00,1.758123635736008605e-02
1.250000000000000000e-01,3.333333333333333703e-01,0.000000000000000000e+00,0.000000000000000000e+00
1.250000000000000000e-01,4.074074074074074403e-01,0.000000000000000000e+00,7.340326553832993151e-02
7.708333333333332593e-01,1.851851851851852304e-01,0.000000000000000000e+00,1.683453177712297966e-01
2.500000000000000000e-01,4.938271604938271331e-01,1.000000000000000000e+00,4.904114876530735190e-02
4.583333333333332593e-01,3.950617283950617065e-01,1.000000000000000000e+00,0.000000000000000000e+00
6.458333333333332593e-01,2.345679012345679437e-01,0.000000000000000000e+00,5.115159610418579250e-02
5.833333333333332593e-01,8.641975308641980380e-02,1.000000000000000000e+00,1.303489259769602948e-01
9.166666666666665186e-01,3.827160493827161947e-01,0.000000000000000000e+00,0.000000000000000000e+00
5.416666666666666297e-01,1.481481481481481399e-01,1.000000000000000000e+00,9.515319034305963486e-01
3.750000000000000000e-01,2.222222222222223209e-01,0.000000000000000000e+00,1.277495632999403607e-01
9.583333333333332593e-01,4.567901234567901536e-01,0.000000000000000000e+00,0.000000000000000000e+00
6.250000000000000000e-01,4.074074074074074403e-01,0.000000000000000000e+00,0.000000000000000000e+00
4.166666666666662966e-02,1.111111111111111605e-01,0.000000000000000000e+00,1.588630405150825986e-01
2.083333333333332593e-01,1.481481481481481399e-01,1.000000000000000000e+00,4.387544677214305633e-03
5.833333333333332593e-01,3.333333333333333703e-01,0.000000000000000000e+00,0.000000000000000000e+00
7.083333333333332593e-01,3.456790123456789932e-01,0.000000000000000000e+00,9.999999999999998890e-01
0.000000000000000000e+00,2.716049382716050342e-01,0.000000000000000000e+00,5.519490076199506934e-03
3.541666666666666297e-01,2.345679012345679437e-01,0.000000000000000000e+00,3.569520401137673549e-01
9.583333333333332593e-01,3.703703703703704608e-01,0.000000000000000000e+00,0.000000000000000000e+00
1.000000000000000000e+00,2.716049382716050342e-01,0.000000000000000000e+00,6.366762384895318094e-01
6.666666666666665186e-01,3.703703703703704608e-01,1.000000000000000000e+00,9.878631073393440154e-02
6.250000000000000000e-01,4.444444444444444198e-01,0.000000000000000000e+00,1.961658692992132580e-01
1.000000000000000000e+00,1.358024691358025171e-01,0.000000000000000000e+00,0.000000000000000000e+00
7.083333333333332593e-01,7.407407407407418098e-02,0.000000000000000000e+00,4.488712628940045857e-01
6.250000000000000000e-01,1.604938271604938738e-01,0.000000000000000000e+00,2.242687557450505631e-01
9.583333333333332593e-01,2.469135802469135665e-01,0.000000000000000000e+00,4.970230013075693787e-01
6.458333333333332593e-01,2.716049382716050342e-01,0.000000000000000000e+00,0.000000000000000000e+00
2.291666666666666297e-01,3.086419753086420137e-01,0.000000000000000000e+00,0.000000000000000000e+00
5.208333333333332593e-01,2.345679012345679437e-01,0.000000000000000000e+00,9.999999999999998890e-01
5.625000000000000000e-01,4.567901234567901536e-01,0.000000000000000000e+00,0.000000000000000000e+00
4.583333333333332593e-01,4.444444444444444198e-01,0.000000000000000000e+00,3.853044247990600191e-04
9.583333333333332593e-01,4.938271604938271331e-01,1.000000000000000000e+00,4.116644979785448744e-01
4.583333333333332593e-01,2.469135802469135665e-01,0.000000000000000000e+00,5.122819497953751133e-02
2.916666666666666297e-01,4.074074074074074403e-01,0.000000000000000000e+00,1.875113632128169727e-01
7.083333333333332593e-01,4.567901234567901536e-01,0.000000000000000000e+00,0.000000000000000000e+00
3.541666666666666297e-01,4.444444444444444198e-01,0.000000000000000000e+00,1.219907166399452070e-01
1.666666666666666297e-01,2.839506172839506570e-01,0.000000000000000000e+00,0.000000000000000000e+00
1.458333333333332593e-01,2.469135802469135665e-01,0.000000000000000000e+00,7.187365446399761604e-01
1.458333333333332593e-01,2.962962962962962798e-01,0.000000000000000000e+00,3.969497792877307862e-03
4.583333333333332593e-01,4.567901234567901536e-01,0.000000000000000000e+00,0.000000000000000000e+00
1.666666666666666297e-01,1.851851851851852304e-01,0.000000000000000000e+00,2.159709564367626733e-01
5.208333333333332593e-01,3.703703703703704608e-01,0.000000000000000000e+00,0.000000000000000000e+00
7.916666666666665186e-01,5.432098765432098464e-01,0.000000000000000000e+00,0.000000000000000000e+00
4.166666666666666297e-01,2.469135802469135665e-01,1.000000000000000000e+00,0.000000000000000000e+00
9.791666666666665186e-01,3.703703703703704608e-01,0.000000000000000000e+00,2.256825957660804072e-01
9.583333333333332593e-01,5.308641975308641126e-01,0.000000000000000000e+00,0.000000000000000000e+00
1.041666666666666297e-01,2.345679012345679437e-01,0.000000000000000000e+00,8.358934325284894662e-04
1.458333333333332593e-01,5.555555555555555802e-01,0.000000000000000000e+00,3.833802921522928564e-01
3.750000000000000000e-01,4.320987654320986859e-01,1.000000000000000000e+00,0.000000000000000000e+00
4.583333333333332593e-01,5.432098765432098464e-01,0.000000000000000000e+00,0.000000000000000000e+00
8.541666666666665186e-01,3.333333333333333703e-01,0.000000000000000000e+00,0.000000000000000000e+00
2.916666666666666297e-01,2.345679012345679437e-01,1.000000000000000000e+00,5.043348950364634486e-02
7.083333333333332593e-01,2.098765432098765871e-01,0.000000000000000000e+00,1.979639580201608684e-02
7.291666666666665186e-01,3.333333333333333703e-01,0.000000000000000000e+00,0.000000000000000000e+00
7.708333333333332593e-01,4.197530864197531741e-01,0.000000000000000000e+00,1.566401134093087233e-02
5.000000000000000000e-01,1.481481481481481399e-01,0.000000000000000000e+00,6.179814079208312272e-03
2.083333333333332593e-01,3.209876543209877475e-01,1.000000000000000000e+00,0.000000000000000000e+00
3.125000000000000000e-01,5.679012345679013141e-01,0.000000000000000000e+00,0.000000000000000000e+00
3.333333333333332593e-01,5.679012345679013141e-01,0.000000000000000000e+00,9.561612092965049436e-02
1.250000000000000000e-01,2.962962962962962798e-01,0.000000000000000000e+00,0.000000000000000000e+00
8.958333333333332593e-01,2.839506172839506570e-01,0.000000000000000000e+00,0.000000000000000000e+00
2.291666666666666297e-01,5.061728395061728669e-01,0.000000000000000000e+00,0.000000000000000000e+00
6.250000000000000000e-01,3.086419753086420137e-01,0.000000000000000000e+00,0.000000000000000000e+00
4.166666666666666297e-01,2.222222222222223209e-01,1.000000000000000000e+00,9.999999999999998890e-01
6.875000000000000000e-01,4.197530864197531741e-01,0.000000000000000000e+00,0.000000000000000000e+00
8.958333333333332593e-01,4.197530864197531741e-01,0.000000000000000000e+00,3.232668341894875397e-01
2.500000000000000000e-01,2.345679012345679437e-01,0.000000000000000000e+00,2.451660247931661818e-01
8.125000000000000000e-01,5.679012345679013141e-01,0.000000000000000000e+00,0.000000000000000000e+00
9.375000000000000000e-01,3.580246913580247270e-01,0.000000000000000000e+00,2.549409709111440936e-01
5.208333333333332593e-01,1.481481481481481399e-01,1.000000000000000000e+00,0.000000000000000000e+00
2.708333333333332593e-01,4.444444444444444198e-01,0.000000000000000000e+00,0.000000000000000000e+00
7.708333333333332593e-01,5.432098765432098464e-01,0.000000000000000000e+00,1.953151306903745388e-01
2.083333333333331483e-02,2.345679012345679437e-01,0.000000000000000000e+00,0.000000000000000000e+00
6.666666666666665186e-01,4.320987654320986859e-01,1.000000000000000000e+00,1.457388432848380488e-01
5.625000000000000000e-01,1.234567901234568943e-01,1.000000000000000000e+00,0.000000000000000000e+00
6.041666666666666297e-01,1.481481481481481399e-01,0.000000000000000000e+00,7.197355471914760328e-01
6.041666666666666297e-01,3.827160493827161947e-01,1.000000000000000000e+00,3.790691569369731839e-01
5.208333333333332593e-01,1.234567901234568943e-01,0.000000000000000000e+00,0.000000000000000000e+00
6.250000000000000000e-01,5.555555555555555802e-01,0.000000000000000000e+00,0.000000000000000000e+00
1.458333333333332593e-01,1.604938271604938738e-01,0.000000000000000000e+00,0.000000000000000000e+00
3.333333333333332593e-01,1.975308641975308532e-01,0.000000000000000000e+00,0.000000000000000000e+00
6.041666666666666297e-01,2.592592592592593004e-01,1.000000000000000000e+00,0.000000000000000000e+00
8.333333333333331483e-02,8.641975308641980380e-02,0.000000000000000000e+00,0.000000000000000000e+00
3.333333333333332593e-01,3.580246913580247270e-01,0.000000000000000000e+00,6.543008681364209655e-02
9.375000000000000000e-01,1.481481481481481399e-01,0.000000000000000000e+00,1.860454428674546135e-01
6.875000000000000000e-01,2.962962962962962798e-01,1.000000000000000000e+00,1.162096587503949063e-01
6.250000000000000000e-01,5.308641975308641126e-01,0.000000000000000000e+00,0.000000000000000000e+00
3.125000000000000000e-01,1.728395061728396076e-01,1.000000000000000000e+00,0.000000000000000000e+00
5.000000000000000000e-01,4.320987654320986859e-01,0.000000000000000000e+00,5.321341652120835652e-01
2.083333333333331483e-02,5.679012345679013141e-01,0.000000000000000000e+00,0.000000000000000000e+00
5.000000000000000000e-01,4.444444444444444198e-01,0.000000000000000000e+00,0.000000000000000000e+00
9.791666666666665186e-01,1.975308641975308532e-01,0.000000000000000000e+00,0.000000000000000000e+00
6.041666666666666297e-01,3.580246913580247270e-01,0.000000000000000000e+00,0.000000000000000000e+00
4.791666666666666297e-01,8.641975308641980380e-02,1.000000000000000000e+00,0.000000000000000000e+00
5.625000000000000000e-01,3.456790123456789932e-01,1.000000000000000000e+00,0.000000000000000000e+00
6.458333333333332593e-01,1.481481481481481399e-01,0.000000000000000000e+00,2.000655784013776750e-01
5.000000000000000000e-01,4.567901234567901536e-01,0.000000000000000000e+00,2.273621144747409728e-01
3.333333333333332593e-01,3.950617283950617065e-01,1.000000000000000000e+00,2.978120214102003560e-02
3.958333333333332593e-01,5.185185185185186008e-01,0.000000000000000000e+00,3.184212803222256083e-01
5.208333333333332593e-01,2.716049382716050342e-01,1.000000000000000000e+00,1.134927810562093020e-01
5.833333333333332593e-01,4.691358024691358874e-01,0.000000000000000000e+00,2.551418650578157754e-02
7.500000000000000000e-01,3.950617283950617065e-01,0.000000000000000000e+00,6.646996414727829317e-02
6.250000000000000000e-01,3.456790123456789932e-01,0.000000000000000000e+00,0.000000000000000000e+00
7.083333333333332593e-01,1.728395061728396076e-01,0.000000000000000000e+00,0.000000000000000000e+00
3.541666666666666297e-01,3.333333333333333703e-01,0.000000000000000000e+00,0.000000000000000000e+00
3.750000000000000000e-01,8.641975308641980380e-02,1.000000000000000000e+00,0.000000000000000000e+00
9.166666666666665186e-01,3.209876543209877475e-01,0.000000000000000000e+00,9.720106627545826994e-02
9.583333333333332593e-01,2.839506172839506570e-01,0.000000000000000000e+00,0.000000000000000000e+00
1.458333333333332593e-01,5.432098765432098464e-01,0.000000000000000000e+00,2.814486589499824998e-01
9.166666666666665186e-01,1.481481481481481399e-01,0.000000000000000000e+00,0.000000000000000000e+00
2.291666666666666297e-01,3.580246913580247270e-01,0.000000000000000000e+00,4.004256458731120238e-02
3.958333333333332593e-01,3.827160493827161947e-01,0.000000000000000000e+00,1.588926055578546159e-01
5.208333333333332593e-01,3.086419753086420137e-01,0.000000000000000000e+00,2.079347859467766679e-01
8.958333333333332593e-01,3.827160493827161947e-01,0.000000000000000000e+00,0.000000000000000000e+00
7.500000000000000000e-01,2.469135802469135665e-01,0.000000000000000000e+00,0.000000000000000000e+00
4.791666666666666297e-01,2.839506172839506570e-01,0.000000000000000000e+00,2.969609630312364246e-01
9.166666666666665186e-01,1.111111111111111605e-01,0.000000000000000000e+00,0.000000000000000000e+00
5.208333333333332593e-01,7.407407407407418098e-02,1.000000000000000000e+00,1.269362567922771023e-01
2.083333333333331483e-02,5.679012345679013141e-01,0.000000000000000000e+00,0.000000000000000000e+00
4.166666666666666297e-01,2.716049382716050342e-01,1.000000000000000000e+00,0.000000000000000000e+00
5.625000000000000000e-01,7.407407407407418098e-02,1.000000000000000000e+00,3.757454753730532504e-02
7.500000000000000000e-01,4.938271604938271331e-01,0.000000000000000000e+00,0.000000000000000000e+00
2.291666666666666297e-01,2.592592592592593004e-01,1.000000000000000000e+00,0.000000000000000000e+00
9.166666666666665186e-01,3.456790123456789932e-01,0.000000000000000000e+00,0.000000000000000000e+00
7.500000000000000000e-01,9.876543209876542662e-02,0.000000000000000000e+00,7.117329097610010091e-01
5.625000000000000000e-01,4.444444444444444198e-01,0.000000000000000000e+00,6.728434812840072832e-02
9.583333333333332593e-01,6.172839506172844715e-02,0.000000000000000000e+00,1.823510781058256813e-01
4.583333333333332593e-01,3.209876543209877475e-01,0.000000000000000000e+00,0.000000000000000000e+00
3.541666666666666297e-01,1.481481481481481399e-01,0.000000000000000000e+00,0.000000000000000000e+00
8.333333333333332593e-01,2.592592592592593004e-01,0.000000000000000000e+00,0.000000000000000000e+00
8.125000000000000000e-01,3.086419753086420137e-01,0.000000000000000000e+00,0.000000000000000000e+00
2.083333333333332593e-01,8.641975308641980380e-02,1.000000000000000000e+00,0.000000000000000000e+00
3.125000000000000000e-01,2.098765432098765871e-01,1.000000000000000000e+00,2.879541004702207418e-01
2.916666666666666297e-01,1.234567901234568943e-01,1.000000000000000000e+00,4.137229513201325926e-01
1.000000000000000000e+00,2.345679012345679437e-01,0.000000000000000000e+00,5.926925553770220345e-01
5.208333333333332593e-01,8.641975308641980380e-02,0.000000000000000000e+00,2.858009348699251939e-01
2.916666666666666297e-01,8.641975308641980380e-02,0.000000000000000000e+00,0.000000000000000000e+00
9.791666666666665186e-01,1.234567901234573384e-02,0.000000000000000000e+00,0.000000000000000000e+00
3.333333333333332593e-01,2.839506172839506570e-01,1.000000000000000000e+00,2.524527488281609333e-01
7.708333333333332593e-01,3.086419753086420137e-01,0.000000000000000000e+00,1.180816861191580913e-01
9.583333333333332593e-01,2.962962962962962798e-01,0.000000000000000000e+00,0.000000000000000000e+00
5.416666666666666297e-01,1.234567901234573384e-02,1.000000000000000000e+00,1.178525092162570620e-01
3.541666666666666297e-01,9.876543209876542662e-02,0.000000000000000000e+00,2.707865284327589661e-01
4.166666666666666297e-01,3.703703703703709049e-02,0.000000000000000000e+00,4.220013778519371428e-02
5.625000000000000000e-01,3.209876543209877475e-01,0.000000000000000000e+00,0.000000000000000000e+00
4.375000000000000000e-01,3.703703703703709049e-02,0.000000000000000000e+00,0.000000000000000000e+00
8.541666666666665186e-01,2.716049382716050342e-01,0.000000000000000000e+00,0.000000000000000000e+00
3.750000000000000000e-01,2.962962962962962798e-01,0.000000000000000000e+00,2.652738752609012929e-01
8.958333333333332593e-01,2.345679012345679437e-01,0.000000000000000000e+00,0.000000000000000000e+00
3.125000000000000000e-01,2.716049382716050342e-01,0.000000000000000000e+00,0.000000000000000000e+00
5.416666666666666297e-01,2.469135802469146768e-02,0.000000000000000000e+00,7.725756210032811433e-01
2.708333333333332593e-01,2.716049382716050342e-01,0.000000000000000000e+00,2.223741572519800647e-01
0.000000000000000000e+00,9.876543209876542662e-02,0.000000000000000000e+00,1.222102757136582785e-01
5.625000000000000000e-01,2.345679012345679437e-01,0.000000000000000000e+00,6.184943653794117147e-02
3.333333333333332593e-01,1.234567901234573384e-02,0.000000000000000000e+00,6.261591104901580440e-01
3.958333333333332593e-01,3.086419753086420137e-01,0.000000000000000000e+00,7.628920614844411086e-01
2.291666666666666297e-01,9.876543209876542662e-02,0.000000000000000000e+00,3.174311387920406569e-01
3.750000000000000000e-01,2.592592592592593004e-01,0.000000000000000000e+00,1.872699085156249166e-01
8.333333333333331483e-02,7.407407407407418098e-02,0.000000000000000000e+00,0.000000000000000000e+00
4.166666666666662966e-02,2.098765432098765871e-01,0.000000000000000000e+00,5.741595921455983076e-02
8.958333333333332593e-01,6.172839506172844715e-02,0.000000000000000000e+00,1.557825713154159519e-03
6.458333333333332593e-01,1.234567901234568943e-01,0.000000000000000000e+00,5.033976710829152212e-02
1.875000000000000000e-01,1.728395061728396076e-01,0.000000000000000000e+00,3.231753438704618731e-01
8.541666666666665186e-01,0.000000000000000000e+00,0.000000000000000000e+00,0.000000000000000000e+00
1.041666666666666297e-01,7.407407407407418098e-02,0.000000000000000000e+00,0.000000000000000000e+00
6.250000000000000000e-02,2.469135802469135665e-01,0.000000000000000000e+00,9.438701818830136370e-02
8.333333333333332593e-01,1.358024691358025171e-01,0.000000000000000000e+00,0.000000000000000000e+00
3.958333333333332593e-01,2.098765432098765871e-01,0.000000000000000000e+00,0.000000000000000000e+00
1.250000000000000000e-01,3.086419753086420137e-01,0.000000000000000000e+00,2.924044072721985188e-01
5.416666666666666297e-01,1.851851851851852304e-01,1.000000000000000000e+00,9.624540908487239088e-02
6.666666666666665186e-01,2.716049382716050342e-01,0.000000000000000000e+00,0.000000000000000000e+00
3.958333333333332593e-01,1.481481481481481399e-01,0.000000000000000000e+00,1.065268532616181485e-01
2.291666666666666297e-01,2.345679012345679437e-01,0.000000000000000000e+00,2.735458681294247185e-01
3.958333333333332593e-01,1.234567901234573384e-02,1.000000000000000000e+00,3.011745647737423814e-02
1.250000000000000000e-01,7.407407407407418098e-02,0.000000000000000000e+00,2.653768082858187771e-01
9.791666666666665186e-01,8.641975308641980380e-02,0.000000000000000000e+00,4.666836930269657735e-02
6.250000000000000000e-01,9.876543209876542662e-02,0.000000000000000000e+00,0.000000000000000000e+00
9.583333333333332593e-01,1.604938271604938738e-01,0.000000000000000000e+00,0.000000000000000000e+00
8.333333333333331483e-02,1.604938271604938738e-01,0.000000000000000000e+00,1.058001545179976244e-02
4.375000000000000000e-01,1.234567901234573384e-02,0.000000000000000000e+00,7.479215210088968613e-02
2.083333333333331483e-02,2.716049382716050342e-01,0.000000000000000000e+00,2.951909807857503454e-01
0.000000000000000000e+00,1.481481481481481399e-01,0.000000000000000000e+00,4.589969818508010668e-03
8.541666666666665186e-01,0.000000000000000000e+00,0.000000000000000000e+00,1.477007072392533815e-01
8.750000000000000000e-01,2.839506172839506570e-01,0.000000000000000000e+00,0.000000000000000000e+00
1.875000000000000000e-01,2.839506172839506570e-01,0.000000000000000000e+00,0.000000000000000000e+00
6.666666666666665186e-01,3.086419753086420137e-01,0.000000000000000000e+00,5.550348146085015699e-03
4.166666666666662966e-02,3.209876543209877475e-01,0.000000000000000000e+00,0.000000000000000000e+00
4.375000000000000000e-01,2.716049382716050342e-01,1.000000000000000000e+00,2.730223592867100368e-01
9.583333333333332593e-01,2.716049382716050342e-01,0.000000000000000000e+00,1.494379723885514433e-01
8.333333333333332593e-01,0.000000000000000000e+00,0.000000000000000000e+00,9.684046916214944511e-02
2.916666666666666297e-01,2.098765432098765871e-01,0.000000000000000000e+00,1.131964395307141769e-01
2.083333333333331483e-02,2.469135802469146768e-02,0.000000000000000000e+00,9.999999999999998890e-01
2.083333333333331483e-02,2.345679012345679437e-01,0.000000000000000000e+00,0.000000000000000000e+00
8.333333333333331483e-02,2.839506172839506570e-01,0.000000000000000000e+00,0.000000000000000000e+00
8.958333333333332593e-01,2.469135802469135665e-01,0.000000000000000000e+00,7.605797354444904235e-02
8.333333333333332593e-01,1.358024691358025171e-01,0.000000000000000000e+00,1.799844177686643620e-02
2.291666666666666297e-01,6.172839506172844715e-02,0.000000000000000000e+00,0.000000000000000000e+00
7.916666666666665186e-01,8.641975308641980380e-02,0.000000000000000000e+00,0.000000000000000000e+00
1.250000000000000000e-01,1.358024691358025171e-01,0.000000000000000000e+00,0.000000000000000000e+00
9.791666666666665186e-01,3.333333333333333703e-01,0.000000000000000000e+00,7.153780120095842854e-02
1.250000000000000000e-01,2.839506172839506570e-01,0.000000000000000000e+00,0.000000000000000000e+00
6.250000000000000000e-01,2.345679012345679437e-01,1.000000000000000000e+00,9.999999999999998890e-01
5.000000000000000000e-01,8.641975308641980380e-02,0.000000000000000000e+00,0.000000000000000000e+00
5.416666666666666297e-01,3.086419753086420137e-01,0.000000000000000000e+00,0.000000000000000000e+00
1.666666666666666297e-01,2.345679012345679437e-01,0.000000000000000000e+00,0.000000000000000000e+00
6.458333333333332593e-01,2.716049382716050342e-01,1.000000000000000000e+00,8.951746930581455652e-02
3.541666666666666297e-01,1.111111111111111605e-01,0.000000000000000000e+00,0.000000000000000000e+00
8.333333333333332593e-01,1.481481481481481399e-01,0.000000000000000000e+00,0.000000000000000000e+00
6.041666666666666297e-01,3.209876543209877475e-01,0.000000000000000000e+00,0.000000000000000000e+00
8.125000000000000000e-01,6.172839506172844715e-02,1.000000000000000000e+00,0.000000000000000000e+00
5.833333333333332593e-01,3.703703703703709049e-02,0.000000000000000000e+00,7.771424887534189585e-01
4.791666666666666297e-01,2.345679012345679437e-01,0.000000000000000000e+00,3.454592437896717438e-01
0.000000000000000000e+00,1.728395061728396076e-01,0.000000000000000000e+00,5.065543900492764928e-01
6.458333333333332593e-01,2.962962962962962798e-01,0.000000000000000000e+00,0.000000000000000000e+00
2.916666666666666297e-01,1.728395061728396076e-01,0.000000000000000000e+00,4.076257862164132106e-01
5.625000000000000000e-01,8.641975308641980380e-02,1.000000000000000000e+00,1.595666594442052277e-01
1.875000000000000000e-01,1.481481481481481399e-01,0.000000000000000000e+00,2.542423985547787035e-01
7.916666666666665186e-01,2.222222222222223209e-01,0.000000000000000000e+00,3.611341034595891841e-01
5.000000000000000000e-01,1.358024691358025171e-01,0.000000000000000000e+00,0.000000000000000000e+00
9.583333333333332593e-01,1.111111111111111605e-01,1.000000000000000000e+00,0.000000000000000000e+00
8.333333333333332593e-01,0.000000000000000000e+00,0.000000000000000000e+00,2.898333318126357083e-01
7.916666666666665186e-01,2.098765432098765871e-01,1.000000000000000000e+00,0.000000000000000000e+00
8.333333333333332593e-01,1.481481481481481399e-01,0.000000000000000000e+00,6.219135443115945128e-01
5.625000000000000000e-01,3.333333333333333703e-01,0.000000000000000000e+00,1.777351111402767914e-01
5.625000000000000000e-01,3.703703703703709049e-02,1.000000000000000000e+00,1.904187551747771323e-02
2.500000000000000000e-01,3.703703703703709049e-02,0.000000000000000000e+00,8.146862454705527945e-02
3.125000000000000000e-01,3.703703703703709049e-02,0.000000000000000000e+00,0.000000000000000000e+00
8.541666666666665186e-01,2.098765432098765871e-01,0.000000000000000000e+00,0.000000000000000000e+00
1.875000000000000000e-01,1.604938271604938738e-01,0.000000000000000000e+00,3.940212433727304786e-01
2.500000000000000000e-01,1.234567901234573384e-02,0.000000000000000000e+00,4.949304313261185806e-01
9.583333333333332593e-01,1.358024691358025171e-01,0.000000000000000000e+00,9.999999999999998890e-01
3.333333333333332593e-01,1.358024691358025171e-01,0.000000000000000000e+00,1.308064617144799602e-02
6.875000000000000000e-01,1.728395061728396076e-01,0.000000000000000000e+00,0.000000000000000000e+00
3.541666666666666297e-01,1.481481481481481399e-01,0.000000000000000000e+00,0.000000000000000000e+00
9.166666666666665186e-01,1.975308641975308532e-01,0.000000000000000000e+00,0.000000000000000000e+00
5.833333333333332593e-01,1.234567901234568943e-01,0.000000000000000000e+00,1.225977221637813974e-02
5.625000000000000000e-01,3.703703703703704608e-01,0.000000000000000000e+00,1.256246184107419062e-01
1.666666666666666297e-01,2.716049382716050342e-01,1.000000000000000000e+00,2.149682293218024842e-02
6.666666666666665186e-01,2.962962962962962798e-01,0.000000000000000000e+00,3.921503054292468926e-01
9.583333333333332593e-01,5.061728395061728669e-01,0.000000000000000000e+00,0.000000000000000000e+00
7.083333333333332593e-01,4.320987654320986859e-01,0.000000000000000000e+00,0.000000000000000000e+00
3.750000000000000000e-01,4.444444444444444198e-01,0.000000000000000000e+00,0.000000000000000000e+00
7.500000000000000000e-01,3.703703703703704608e-01,0.000000000000000000e+00,0.000000000000000000e+00
6.458333333333332593e-01,3.703703703703704608e-01,0.000000000000000000e+00,0.000000000000000000e+00
6.875000000000000000e-01,3.950617283950617065e-01,0.000000000000000000e+00,0.000000000000000000e+00
9.583333333333332593e-01,3.950617283950617065e-01,0.000000000000000000e+00,4.967939193902848327e-01
6.250000000000000000e-02,5.185185185185186008e-01,0.000000000000000000e+00,3.031448219142179878e-01
3.541666666666666297e-01,2.839506172839506570e-01,0.000000000000000000e+00,5.381284067046052666e-01
2.083333333333331483e-02,4.938271604938271331e-01,0.000000000000000000e+00,0.000000000000000000e+00
9.375000000000000000e-01,4.444444444444444198e-01,0.000000000000000000e+00,0.000000000000000000e+00
4.375000000000000000e-01,3.333333333333333703e-01,0.000000000000000000e+00,0.000000000000000000e+00
5.208333333333332593e-01,3.209876543209877475e-01,0.000000000000000000e+00,7.016017323500672864e-02
6.041666666666666297e-01,5.679012345679013141e-01,0.000000000000000000e+00,1.604057036953537851e-01
8.958333333333332593e-01,2.716049382716050342e-01,0.000000000000000000e+00,3.695805512516302516e-01
5.000000000000000000e-01,5.185185185185186008e-01,0.000000000000000000e+00,9.823118053072443789e-02
4.166666666666662966e-02,4.567901234567901536e-01,0.000000000000000000e+00,7.799705443488599288e-01
0.000000000000000000e+00,4.567901234567901536e-01,0.000000000000000000e+00,0.000000000000000000e+00
6.666666666666665186e-01,5.185185185185186008e-01,0.000000000000000000e+00,0.000000000000000000e+00
7.083333333333332593e-01,3.950617283950617065e-01,0.000000000000000000e+00,0.000000000000000000e+00
3.541666666666666297e-01,4.320987654320986859e-01,0.000000000000000000e+00,0.000000000000000000e+00
6.250000000000000000e-02,4.444444444444444198e-01,0.000000000000000000e+00,8.706530323506761482e-02
3.958333333333332593e-01,3.086419753086420137e-01,0.000000000000000000e+00,0.000000000000000000e+00
7.500000000000000000e-01,4.691358024691358874e-01,1.000000000000000000e+00,3.204945150409392873e-01
5.000000000000000000e-01,4.074074074074074403e-01,0.000000000000000000e+00,5.599598915591619264e-01
6.875000000000000000e-01,5.308641975308641126e-01,0.000000000000000000e+00,0.000000000000000000e+00
2.708333333333332593e-01,4.197530864197531741e-01,0.000000000000000000e+00,2.904203455966696268e-01
2.083333333333332593e-01,3.827160493827161947e-01,0.000000000000000000e+00,0.000000000000000000e+00
2.083333333333332593e-01,4.938271604938271331e-01,0.000000000000000000e+00,1.310638770697170052e-01
6.458333333333332593e-01,3.703703703703704608e-01,0.000000000000000000e+00,4.559629475185142944e-01
5.833333333333332593e-01,4.444444444444444198e-01,0.000000000000000000e+00,4.356425878751624126e-02
4.166666666666666297e-01,3.703703703703704608e-01,0.000000000000000000e+00,0.000000000000000000e+00
5.833333333333332593e-01,5.308641975308641126e-01,0.000000000000000000e+00,0.000000000000000000e+00
9.791666666666665186e-01,3.456790123456789932e-01,0.000000000000000000e+00,0.000000000000000000e+00
1.458333333333332593e-01,4.197530864197531741e-01,1.000000000000000000e+00,0.000000000000000000e+00
1.458333333333332593e-01,3.456790123456789932e-01,0.000000000000000000e+00,0.000000000000000000e+00
9.166666666666665186e-01,5.679012345679013141e-01,0.000000000000000000e+00,5.653638352544287926e-03
7.500000000000000000e-01,3.827160493827161947e-01,0.000000000000000000e+00,7.966676814521755912e-02
8.541666666666665186e-01,2.962962962962962798e-01,0.000000000000000000e+00,0.000000000000000000e+00
9.583333333333332593e-01,4.320987654320986859e-01,0.000000000000000000e+00,0.000000000000000000e+00
9.375000000000000000e-01,3.209876543209877475e-01,0.000000000000000000e+00,6.250531474015188493e-01
8.958333333333332593e-01,2.962962962962962798e-01,0.000000000000000000e+00,0.000000000000000000e+00
6.041666666666666297e-01,3.456790123456789932e-01,0.000000000000000000e+00,0.000000000000000000e+00
4.791666666666666297e-01,3.209876543209877475e-01,0.000000000000000000e+00,3.835927288836488147e-01
8.541666666666665186e-01,3.703703703703704608e-01,0.000000000000000000e+00,0.000000000000000000e+00
0.000000000000000000e+00,2.839506172839506570e-01,0.000000000000000000e+00,4.337233021845507963e-01
2.083333333333332593e-01,3.333333333333333703e-01,1.000000000000000000e+00,0.000000000000000000e+00
1.000000000000000000e+00,4.197530864197531741e-01,0.000000000000000000e+00,6.721042802737053901e-02
8.333333333333332593e-01,4.691358024691358874e-01,0.000000000000000000e+00,5.089730205420078812e-02
8.541666666666665186e-01,4.691358024691358874e-01,0.000000000000000000e+00,3.229290505476809514e-01
9.583333333333332593e-01,2.962962962962962798e-01,0.000000000000000000e+00,0.000000000000000000e+00
9.375000000000000000e-01,3.209876543209877475e-01,0.000000000000000000e+00,0.000000000000000000e+00
3.958333333333332593e-01,4.814814814814816213e-01,1.000000000000000000e+00,4.948341625567712621e-01
0.000000000000000000e+00,5.432098765432098464e-01,0.000000000000000000e+00,0.000000000000000000e+00
2.291666666666666297e-01,2.716049382716050342e-01,0.000000000000000000e+00,3.346044089262206755e-02
5.000000000000000000e-01,5.555555555555555802e-01,0.000000000000000000e+00,0.000000000000000000e+00
8.333333333333331483e-02,5.061728395061728669e-01,0.000000000000000000e+00,0.000000000000000000e+00
3.750000000000000000e-01,3.827160493827161947e-01,0.000000000000000000e+00,9.999999999999998890e-01
3.958333333333332593e-01,5.308641975308641126e-01,1.000000000000000000e+00,1.927845013357976089e-02
2.916666666666666297e-01,4.814814814814816213e-01,0.000000000000000000e+00,7.498822406204030955e-02
6.875000000000000000e-01,5.308641975308641126e-01,1.000000000000000000e+00,0.000000000000000000e+00
4.375000000000000000e-01,4.938271604938271331e-01,0.000000000000000000e+00,0.000000000000000000e+00
8.958333333333332593e-01,5.555555555555555802e-01,0.000000000000000000e+00,7.536405261051243309e-02
1.875000000000000000e-01,3.456790123456789932e-01,0.000000000000000000e+00,1.176480052520934017e-01
7.708333333333332593e-01,4.567901234567901536e-01,0.000000000000000000e+00,1.988864594283325515e-01
1.000000000000000000e+00,4.938271604938271331e-01,1.000000000000000000e+00,3.085568295372043135e-02
8.333333333333332593e-01,2.839506172839506570e-01,0.000000000000000000e+00,1.693358966905127438e-01
8.750000000000000000e-01,2.839506172839506570e-01,0.000000000000000000e+00,1.465996800155509594e-01
5.208333333333332593e-01,4.691358024691358874e-01,1.000000000000000000e+00,0.000000000000000000e+00
7.500000000000000000e-01,3.703703703703704608e-01,0.000000000000000000e+00,3.720705400637291937e-02
2.083333333333331483e-02,2.962962962962962798e-01,0.000000000000000000e+00,2.529197888078091871e-01
1.000000000000000000e+00,2.716049382716050342e-01,1.000000000000000000e+00,1.898112733255492013e-01
6.875000000000000000e-01,3.950617283950617065e-01,0.000000000000000000e+00,0.000000000000000000e+00
3.333333333333332593e-01,3.209876543209877475e-01,0.000000000000000000e+00,0.000000000000000000e+00
5.208333333333332593e-01,3.456790123456789932e-01,0.000000000000000000e+00,0.000000000000000000e+00
2.500000000000000000e-01,5.185185185185186008e-01,0.000000000000000000e+00,1.367444611020840473e-03
4.791666666666666297e-01,3.703703703703704608e-01,0.000000000000000000e+00,4.098063447066944143e-01
0.000000000000000000e+00,3.456790123456789932e-01,0.000000000000000000e+00,0.000000000000000000e+00
6.458333333333332593e-01,3.086419753086420137e-01,1.000000000000000000e+00,0.000000000000000000e+00
6.666666666666665186e-01,3.333333333333333703e-01,0.000000000000000000e+00,0.000000000000000000e+00
5.208333333333332593e-01,5.432098765432098464e-01,0.000000000000000000e+00,2.593888533887001024e-01
1.875000000000000000e-01,4.814814814814816213e-01,1.000000000000000000e+00,0.000000000000000000e+00
5.208333333333332593e-01,3.333333333333333703e-01,1.000000000000000000e+00,0.000000000000000000e+00
2.291666666666666297e-01,5.432098765432098464e-01,0.000000000000000000e+00,0.000000000000000000e+00
2.708333333333332593e-01,2.839506172839506570e-01,0.000000000000000000e+00,1.440685438473210400e-01
5.000000000000000000e-01,4.814814814814816213e-01,1.000000000000000000e+00,0.000000000000000000e+00
2.708333333333332593e-01,3.827160493827161947e-01,1.000000000000000000e+00,0.000000000000000000e+00
4.791666666666666297e-01,4.691358024691358874e-01,1.000000000000000000e+00,1.745602286860110652e-01
2.708333333333332593e-01,4.074074074074074403e-01,0.000000000000000000e+00,1.421623108917280942e-01
6.041666666666666297e-01,5.185185185185186008e-01,0.000000000000000000e+00,0.000000000000000000e+00
1.875000000000000000e-01,5.679012345679013141e-01,0.000000000000000000e+00,0.000000000000000000e+00
5.416666666666666297e-01,4.567901234567901536e-01,1.000000000000000000e+00,1.168081496849787682e-01
8.333333333333332593e-01,3.456790123456789932e-01,0.000000000000000000e+00,1.246189630531343018e-01
1.875000000000000000e-01,4.567901234567901536e-01,0.000000000000000000e+00,0.000000000000000000e+00
7.708333333333332593e-01,4.938271604938271331e-01,0.000000000000000000e+00,0.000000000000000000e+00
6.875000000000000000e-01,2.839506172839506570e-01,0.000000000000000000e+00,0.000000000000000000e+00
8.333333333333331483e-02,3.703703703703704608e-01,0.000000000000000000e+00,0.000000000000000000e+00
2.083333333333332593e-01,3.950617283950617065e-01,0.000000000000000000e+00,0.000000000000000000e+00
5.416666666666666297e-01,4.444444444444444198e-01,0.000000000000000000e+00,1.357048594716219192e-01
6.458333333333332593e-01,3.456790123456789932e-01,0.000000000000000000e+00,0.000000000000000000e+00
5.833333333333332593e-01,4.691358024691358874e-01,0.000000000000000000e+00,8.601912571841163757e-02
1.666666666666666297e-01,4.938271604938271331e-01,1.000000000000000000e+00,0.000000000000000000e+00
9.166666666666665186e-01,5.679012345679013141e-01,0.000000000000000000e+00,0.000000000000000000e+00
1.875000000000000000e-01,3.950617283950617065e-01,0.000000000000000000e+00,5.529938717014792893e-03
5.625000000000000000e-01,2.962962962962962798e-01,0.000000000000000000e+00,0.000000000000000000e+00
8.750000000000000000e-01,5.308641975308641126e-01,0.000000000000000000e+00,5.536271800482339689e-02
8.958333333333332593e-01,4.444444444444444198e-01,0.000000000000000000e+00,0.000000000000000000e+00
1.666666666666666297e-01,5.679012345679013141e-01,0.000000000000000000e+00,0.000000000000000000e+00
8.333333333333332593e-01,2.962962962962962798e-01,0.000000000000000000e+00,0.000000000000000000e+00
1.875000000000000000e-01,3.950617283950617065e-01,0.000000000000000000e+00,1.949114239522402592e-01
6.666666666666665186e-01,4.074074074074074403e-01,0.000000000000000000e+00,3.032667276966933834e-01
8.125000000000000000e-01,5.185185185185186008e-01,0.000000000000000000e+00,1.195752265279403925e-03
8.541666666666665186e-01,3.827160493827161947e-01,0.000000000000000000e+00,1.320168570182679302e-01
5.208333333333332593e-01,4.938271604938271331e-01,1.000000000000000000e+00,8.232704819593611445e-02
6.250000000000000000e-02,3.456790123456789932e-01,0.000000000000000000e+00,1.106131967586585496e-01
5.000000000000000000e-01,3.086419753086420137e-01,0.000000000000000000e+00,4.883799075482048169e-01
8.541666666666665186e-01,3.086419753086420137e-01,0.000000000000000000e+00,0.000000000000000000e+00
1.250000000000000000e-01,5.061728395061728669e-01,0.000000000000000000e+00,2.195225346678185696e-01
2.916666666666666297e-01,4.074074074074074403e-01,0.000000000000000000e+00,0.000000000000000000e+00
5.625000000000000000e-01,4.074074074074074403e-01,0.000000000000000000e+00,0.000000000000000000e+00
5.000000000000000000e-01,3.827160493827161947e-01,0.000000000000000000e+00,0.000000000000000000e+00
3.333333333333332593e-01,4.691358024691358874e-01,0.000000000000000000e+00,0.000000000000000000e+00
5.625000000000000000e-01,5.308641975308641126e-01,0.000000000000000000e+00,0.000000000000000000e+00
2.083333333333332593e-01,4.320987654320986859e-01,1.000000000000000000e+00,7.203849723178562536e-02
3.750000000000000000e-01,3.827160493827161947e-01,0.000000000000000000e+00,7.277856281491498214e-01
1.250000000000000000e-01,4.444444444444444198e-01,0.000000000000000000e+00,1.682515262146910828e-02
4.791666666666666297e-01,4.691358024691358874e-01,1.000000000000000000e+00,2.864458323244611915e-02
4.791666666666666297e-01,1.111111111111111605e-01,0.000000000000000000e+00,0.000000000000000000e+00
6.250000000000000000e-01,1.111111111111111605e-01,1.000000000000000000e+00,4.109347155865306078e-03
4.791666666666666297e-01,5.679012345679013141e-01,1.000000000000000000e+00,1.503637708639568582e-01
6.875000000000000000e-01,1.604938271604938738e-01,1.000000000000000000e+00,0.000000000000000000e+00
1.875000000000000000e-01,2.839506172839506570e-01,0.000000000000000000e+00,0.000000000000000000e+00
3.541666666666666297e-01,2.839506172839506570e-01,0.000000000000000000e+00,1.315792664109783905e-01
4.583333333333332593e-01,1.234567901234568943e-01,0.000000000000000000e+00,0.000000000000000000e+00
4.791666666666666297e-01,1.975308641975308532e-01,1.000000000000000000e+00,8.978343339309047266e-02
6.250000000000000000e-02,3.333333333333333703e-01,0.000000000000000000e+00,2.730512869243668650e-01
5.416666666666666297e-01,2.345679012345679437e-01,0.000000000000000000e+00,5.295144548458609046e-01
3.750000000000000000e-01,5.061728395061728669e-01,0.000000000000000000e+00,9.658238270761787536e-03
5.625000000000000000e-01,4.567901234567901536e-01,0.000000000000000000e+00,5.338909674882577061e-01
5.416666666666666297e-01,1.728395061728396076e-01,0.000000000000000000e+00,3.633888886834558685e-01
6.875000000000000000e-01,1.975308641975308532e-01,0.000000000000000000e+00,0.000000000000000000e+00
4.166666666666662966e-02,7.407407407407418098e-02,0.000000000000000000e+00,0.000000000000000000e+00
9.375000000000000000e-01,3.086419753086420137e-01,0.000000000000000000e+00,0.000000000000000000e+00
6.875000000000000000e-01,3.333333333333333703e-01,0.000000000000000000e+00,3.609062360631595245e-01
8.333333333333331483e-02,3.703703703703704608e-01,0.000000000000000000e+00,1.342336946431360589e-02
9.375000000000000000e-01,1.728395061728396076e-01,0.000000000000000000e+00,0.000000000000000000e+00
2.500000000000000000e-01,1.975308641975308532e-01,0.000000000000000000e+00,6.469776728158477264e-01
4.583333333333332593e-01,6.172839506172840274e-01,0.000000000000000000e+00,9.893727967901783105e-02
8.541666666666665186e-01,1.111111111111111605e-01,1.000000000000000000e+00,0.000000000000000000e+00
6.250000000000000000e-02,3.580246913580247270e-01,0.000000000000000000e+00,1.071708117892700152e-01
2.500000000000000000e-01,4.691358024691358874e-01,1.000000000000000000e+00,1.671231448518270546e-01
5.208333333333332593e-01,3.086419753086420137e-01,0.000000000000000000e+00,8.278206779395813619e-02
5.000000000000000000e-01,1.728395061728396076e-01,0.000000000000000000e+00,1.453698269742415006e-01
9.375000000000000000e-01,2.962962962962962798e-01,0.000000000000000000e+00,1.447458082623037656e-02
4.375000000000000000e-01,3.703703703703709049e-02,0.000000000000000000e+00,0.000000000000000000e+00
9.375000000000000000e-01,5.925925925925925597e-01,0.000000000000000000e+00,0.000000000000000000e+00
1.000000000000000000e+00,2.222222222222223209e-01,0.000000000000000000e+00,0.000000000000000000e+00
5.416666666666666297e-01,7.407407407407418098e-02,0.000000000000000000e+00,0.000000000000000000e+00
2.083333333333332593e-01,2.345679012345679437e-01,0.000000000000000000e+00,0.000000000000000000e+00
4.166666666666666297e-01,3.086419753086420137e-01,0.000000000000000000e+00,1.462086240923367586e-01
7.291666666666665186e-01,1.728395061728396076e-01,0.000000000000000000e+00,5.126857132521323024e-02
5.208333333333332593e-01,1.728395061728396076e-01,0.000000000000000000e+00,0.000000000000000000e+00
6.250000000000000000e-02,2.962962962962962798e-01,0.000000000000000000e+00,0.000000000000000000e+00
6.666666666666665186e-01,3.703703703703709049e-02,0.000000000000000000e+00,2.383229516090468181e-02
1.000000000000000000e+00,3.086419753086420137e-01,0.000000000000000000e+00,3.840602002606302579e-01
1.875000000000000000e-01,6.172839506172844715e-02,0.000000000000000000e+00,0.000000000000000000e+00
6.458333333333332593e-01,2.839506172839506570e-01,0.000000000000000000e+00,1.239419352608255309e-01
3.750000000000000000e-01,3.456790123456789932e-01,1.000000000000000000e+00,0.000000000000000000e+00
4.583333333333332593e-01,5.185185185185186008e-01,0.000000000000000000e+00,0.000000000000000000e+00
2.708333333333332593e-01,4.567901234567901536e-01,1.000000000000000000e+00,0.000000000000000000e+00
8.541666666666665186e-01,2.345679012345679437e-01,0.000000000000000000e+00,0.000000000000000000e+00
5.208333333333332593e-01,5.679012345679013141e-01,0.000000000000000000e+00,8.121217446977957444e-02
6.875000000000000000e-01,6.172839506172840274e-01,0.000000000000000000e+00,1.286099360710249440e-01
8.333333333333331483e-02,6.172839506172840274e-01,0.000000000000000000e+00,0.000000000000000000e+00
8.958333333333332593e-01,6.049382716049382935e-01,0.000000000000000000e+00,3.555357498461911847e-01
1.000000000000000000e+00,6.049382716049382935e-01,1.000000000000000000e+00,5.662914045422903220e-01
9.791666666666665186e-01,3.703703703703704608e-01,0.000000000000000000e+00,1.294878050590417828e-01
7.500000000000000000e-01,2.345679012345679437e-01,0.000000000000000000e+00,0.000000000000000000e+00
3.333333333333332593e-01,1.111111111111111605e-01,0.000000000000000000e+00,4.056025159534011326e-01
1.000000000000000000e+00,3.827160493827161947e-01,0.000000000000000000e+00,2.482247915410955574e-01
8.541666666666665186e-01,1.358024691358025171e-01,1.000000000000000000e+00,2.917750326575611064e-01
1.250000000000000000e-01,5.679012345679013141e-01,0.000000000000000000e+00,0.000000000000000000e+00
6.875000000000000000e-01,1.604938271604938738e-01,0.000000000000000000e+00,0.000000000000000000e+00
5.416666666666666297e-01,4.320987654320986859e-01,0.000000000000000000e+00,9.999999999999998890e-01
6.458333333333332593e-01,3.086419753086420137e-01,0.000000000000000000e+00,0.000000000000000000e+00
5.833333333333332593e-01,2.839506172839506570e-01,0.000000000000000000e+00,2.116888006182665594e-02
6.041666666666666297e-01,2.469135802469135665e-01,1.000000000000000000e+00,9.999999999999998890e-01
7.291666666666665186e-01,2.592592592592593004e-01,0.000000000000000000e+00,1.108778899434257337e-01
3.541666666666666297e-01,4.938271604938271331e-02,0.000000000000000000e+00,3.258238329068710026e-01
4.166666666666662966e-02,5.802469135802470479e-01,0.000000000000000000e+00,0.000000000000000000e+00
6.250000000000000000e-01,9.876543209876542662e-02,0.000000000000000000e+00,0.000000000000000000e+00
1.000000000000000000e+00,6.172839506172840274e-01,0.000000000000000000e+00,0.000000000000000000e+00
5.208333333333332593e-01,5.555555555555555802e-01,1.000000000000000000e+00,3.894996429769386204e-01
1.875000000000000000e-01,1.604938271604938738e-01,0.000000000000000000e+00,0.000000000000000000e+00
8.333333333333331483e-02,4.444444444444444198e-01,0.000000000000000000e+00,0.000000000000000000e+00
7.916666666666665186e-01,4.691358024691358874e-01,0.000000000000000000e+00,7.572058483518262495e-02
8.541666666666665186e-01,1.111111111111111605e-01,0.000000000000000000e+00,3.853462908155659283e-01
8.750000000000000000e-01,4.567901234567901536e-01,1.000000000000000000e+00,0.000000000000000000e+00
6.458333333333332593e-01,1.111111111111111605e-01,1.000000000000000000e+00,0.000000000000000000e+00
2.291666666666666297e-01,3.950617283950617065e-01,0.000000000000000000e+00,0.000000000000000000e+00
5.208333333333332593e-01,6.172839506172844715e-02,0.000000000000000000e+00,3.913401116180595940e-01
5.833333333333332593e-01,3.333333333333333703e-01,1.000000000000000000e+00,8.516618380650481379e-02
6.666666666666665186e-01,5.802469135802470479e-01,0.000000000000000000e+00,9.999999999999998890e-01
2.291666666666666297e-01,1.111111111111111605e-01,0.000000000000000000e+00,3.203686086123693766e-01
6.041666666666666297e-01,7.407407407407418098e-02,0.000000000000000000e+00,2.131346421209040498e-02
7.916666666666665186e-01,6.049382716049382935e-01,0.000000000000000000e+00,4.771340551296308075e-01
3.125000000000000000e-01,4.444444444444444198e-01,0.000000000000000000e+00,7.915992531322313397e-02
4.791666666666666297e-01,3.086419753086420137e-01,0.000000000000000000e+00,0.000000000000000000e+00
4.166666666666666297e-01,5.308641975308641126e-01,0.000000000000000000e+00,2.207668856164470839e-01
8.541666666666665186e-01,1.358024691358025171e-01,0.000000000000000000e+00,0.000000000000000000e+00
8.125000000000000000e-01,5.432098765432098464e-01,1.000000000000000000e+00,0.000000000000000000e+00
9.166666666666665186e-01,5.061728395061728669e-01,0.000000000000000000e+00,5.113637972762214989e-01
2.916666666666666297e-01,7.407407407407418098e-02,1.000000000000000000e+00,7.413228839389496283e-03
7.500000000000000000e-01,1.234567901234568943e-01,0.000000000000000000e+00,0.000000000000000000e+00
6.666666666666665186e-01,4.691358024691358874e-01,0.000000000000000000e+00,0.000000000000000000e+00
7.708333333333332593e-01,2.716049382716050342e-01,0.000000000000000000e+00,3.576802795460474194e-01
7.083333333333332593e-01,1.728395061728396076e-01,1.000000000000000000e+00,0.000000000000000000e+00
6.875000000000000000e-01,2.716049382716050342e-01,0.000000000000000000e+00,0.000000000000000000e+00
3.958333333333332593e-01,2.222222222222223209e-01,0.000000000000000000e+00,0.000000000000000000e+00
0.000000000000000000e+00,2.469135802469135665e-01,0.000000000000000000e+00,7.218535145291848920e-02
7.916666666666665186e-01,5.802469135802470479e-01,0.000000000000000000e+00,0.000000000000000000e+00
4.166666666666666297e-01,5.432098765432098464e-01,0.000000000000000000e+00,0.000000000000000000e+00
6.250000000000000000e-01,6.172839506172844715e-02,1.000000000000000000e+00,0.000000000000000000e+00
8.750000000000000000e-01,4.444444444444444198e-01,1.000000000000000000e+00,0.000000000000000000e+00
5.625000000000000000e-01,8.641975308641980380e-02,0.000000000000000000e+00,4.656032105340409677e-01
1.041666666666666297e-01,9.876543209876542662e-02,0.000000000000000000e+00,2.700679679409344613e-01
8.125000000000000000e-01,1.975308641975308532e-01,0.000000000000000000e+00,1.889398120530694225e-01
4.375000000000000000e-01,5.061728395061728669e-01,0.000000000000000000e+00,0.000000000000000000e+00
9.791666666666665186e-01,4.444444444444444198e-01,0.000000000000000000e+00,0.000000000000000000e+00
6.666666666666665186e-01,6.049382716049382935e-01,0.000000000000000000e+00,0.000000000000000000e+00
7.916666666666665186e-01,4.567901234567901536e-01,0.000000000000000000e+00,0.000000000000000000e+00
1.875000000000000000e-01,3.827160493827161947e-01,0.000000000000000000e+00,9.999999999999998890e-01
6.666666666666665186e-01,5.802469135802470479e-01,0.000000000000000000e+00,0.000000000000000000e+00
1.000000000000000000e+00,2.098765432098765871e-01,0.000000000000000000e+00,1.812770631130490306e-01
7.291666666666665186e-01,3.950617283950617065e-01,1.000000000000000000e+00,0.000000000000000000e+00
1.666666666666666297e-01,2.716049382716050342e-01,1.000000000000000000e+00,6.785611101222666086e-03
1.458333333333332593e-01,4.074074074074074403e-01,0.000000000000000000e+00,0.000000000000000000e+00
1.875000000000000000e-01,3.950617283950617065e-01,1.000000000000000000e+00,0.000000000000000000e+00
2.083333333333331483e-02,2.592592592592593004e-01,0.000000000000000000e+00,0.000000000000000000e+00
7.916666666666665186e-01,2.592592592592593004e-01,0.000000000000000000e+00,7.891987771852239097e-01
3.125000000000000000e-01,4.074074074074074403e-01,1.000000000000000000e+00,9.789738887173715653e-04
2.083333333333331483e-02,3.086419753086420137e-01,0.000000000000000000e+00,0.000000000000000000e+00
1.250000000000000000e-01,3.580246913580247270e-01,0.000000000000000000e+00,1.785972001803243780e-01
1.250000000000000000e-01,3.950617283950617065e-01,0.000000000000000000e+00,3.123737682495347778e-02
3.958333333333332593e-01,3.086419753086420137e-01,0.000000000000000000e+00,2.351702462537430538e-01
5.000000000000000000e-01,6.172839506172840274e-01,1.000000000000000000e+00,0.000000000000000000e+00
4.166666666666662966e-02,4.074074074074074403e-01,0.000000000000000000e+00,1.034600827144062096e-01
9.375000000000000000e-01,5.308641975308641126e-01,0.000000000000000000e+00,2.547297791288832824e-01
6.250000000000000000e-02,3.580246913580247270e-01,0.000000000000000000e+00,0.000000000000000000e+00
9.791666666666665186e-01,4.197530864197531741e-01,0.000000000000000000e+00,1.449123572433838048e-01
2.500000000000000000e-01,4.444444444444444198e-01,0.000000000000000000e+00,7.458502123033542430e-01
2.916666666666666297e-01,2.839506172839506570e-01,1.000000000000000000e+00,2.569384386327350223e-02
7.291666666666665186e-01,3.086419753086420137e-01,1.000000000000000000e+00,2.734754938518646483e-01
9.583333333333332593e-01,8.641975308641980380e-02,0.000000000000000000e+00,2.174436323133689397e-01
5.416666666666666297e-01,1.111111111111111605e-01,0.000000000000000000e+00,0.000000000000000000e+00
5.833333333333332593e-01,8.641975308641980380e-02,1.000000000000000000e+00,3.783177044811858458e-02
1.875000000000000000e-01,3.333333333333333703e-01,0.000000000000000000e+00,0.000000000000000000e+00
5.208333333333332593e-01,1.481481481481481399e-01,0.000000000000000000e+00,0.000000000000000000e+00
1.041666666666666297e-01,4.444444444444444198e-01,0.000000000000000000e+00,9.326681605249109719e-02
2.083333333333331483e-02,4.938271604938271331e-02,0.000000000000000000e+00,2.362896374877457850e-01
5.208333333333332593e-01,4.197530864197531741e-01,0.000000000000000000e+00,3.441766142716917720e-02
0.000000000000000000e+00,5.802469135802470479e-01,0.000000000000000000e+00,2.351520049682064295e-01
1.458333333333332593e-01,2.839506172839506570e-01,1.000000000000000000e+00,0.000000000000000000e+00
8.541666666666665186e-01,5.308641975308641126e-01,0.000000000000000000e+00,7.327925952411662447e-03
8.541666666666665186e-01,1.111111111111111605e-01,0.000000000000000000e+00,3.322486265006407979e-02
2.500000000000000000e-01,1.728395061728396076e-01,1.000000000000000000e+00,8.627933041698651051e-01
8.541666666666665186e-01,4.938271604938271331e-02,0.000000000000000000e+00,0.000000000000000000e+00
7.291666666666665186e-01,2.469135802469135665e-01,1.000000000000000000e+00,0.000000000000000000e+00
4.583333333333332593e-01,2.469135802469135665e-01,1.000000000000000000e+00,3.368775170016474751e-02
4.791666666666666297e-01,8.641975308641980380e-02,0.000000000000000000e+00,0.000000000000000000e+00
6.458333333333332593e-01,1.358024691358025171e-01,0.000000000000000000e+00,7.440396520729419816e-02
6.041666666666666297e-01,5.679012345679013141e-01,0.000000000000000000e+00,0.000000000000000000e+00
9.791666666666665186e-01,5.185185185185186008e-01,0.000000000000000000e+00,0.000000000000000000e+00
5.000000000000000000e-01,4.567901234567901536e-01,1.000000000000000000e+00,1.630599571088853228e-02
5.000000000000000000e-01,3.580246913580247270e-01,0.000000000000000000e+00,0.000000000000000000e+00
4.791666666666666297e-01,3.456790123456789932e-01,0.000000000000000000e+00,0.000000000000000000e+00
5.625000000000000000e-01,3.703703703703709049e-02,0.000000000000000000e+00,1.450430640385658165e-02
3.333333333333332593e-01,6.172839506172844715e-02,0.000000000000000000e+00,6.068101849621450050e-01
2.916666666666666297e-01,1.358024691358025171e-01,0.000000000000000000e+00,1.675237178727342902e-01
1.250000000000000000e-01,5.061728395061728669e-01,0.000000000000000000e+00,1.972070589291965992e-01
9.375000000000000000e-01,4.197530864197531741e-01,1.000000000000000000e+00,0.000000000000000000e+00
7.916666666666665186e-01,4.567901234567901536e-01,0.000000000000000000e+00,1.536520822472465242e-01
8.750000000000000000e-01,1.111111111111111605e-01,0.000000000000000000e+00,6.340702777258228062e-02
1.875000000000000000e-01,2.098765432098765871e-01,0.000000000000000000e+00,1.699865010592365722e-01
1.875000000000000000e-01,4.320987654320986859e-01,0.000000000000000000e+00,1.372741302088642534e-01
2.500000000000000000e-01,3.703703703703704608e-01,0.000000000000000000e+00,0.000000000000000000e+00
6.041666666666666297e-01,5.555555555555555802e-01,0.000000000000000000e+00,1.996124733135601348e-02
3.750000000000000000e-01,1.234567901234568943e-01,0.000000000000000000e+00,0.000000000000000000e+00
8.333333333333332593e-01,4.074074074074074403e-01,0.000000000000000000e+00,1.810889565377160615e-02
4.166666666666662966e-02,9.876543209876542662e-02,0.000000000000000000e+00,0.000000000000000000e+00
2.916666666666666297e-01,4.320987654320986859e-01,1.000000000000000000e+00,5.028658366949201319e-01
3.125000000000000000e-01,3.827160493827161947e-01,0.000000000000000000e+00,0.000000000000000000e+00
0.000000000000000000e+00,2.962962962962962798e-01,0.000000000000000000e+00,0.000000000000000000e+00
2.291666666666666297e-01,5.679012345679013141e-01,1.000000000000000000e+00,4.581469956090705731e-02
3.333333333333332593e-01,5.308641975308641126e-01,1.000000000000000000e+00,0.000000000000000000e+00
8.125000000000000000e-01,4.320987654320986859e-01,0.000000000000000000e+00,0.000000000000000000e+00
5.416666666666666297e-01,7.407407407407418098e-02,0.000000000000000000e+00,0.000000000000000000e+00
3.125000000000000000e-01,1.358024691358025171e-01,0.000000000000000000e+00,5.592760604830460114e-01
1.250000000000000000e-01,3.333333333333333703e-01,0.000000000000000000e+00,2.597118757446026382e-01
8.333333333333331483e-02,7.407407407407418098e-02,0.000000000000000000e+00,1.654224462769121606e-02
3.750000000000000000e-01,8.641975308641980380e-02,0.000000000000000000e+00,0.000000000000000000e+00
5.416666666666666297e-01,4.197530864197531741e-01,0.000000000000000000e+00,3.222688158822788473e-01
2.291666666666666297e-01,3.333333333333333703e-01,0.000000000000000000e+00,1.321462015034701176e-01
1.875000000000000000e-01,2.469135802469135665e-01,1.000000000000000000e+00,1.602065514990720918e-01
9.166666666666665186e-01,3.333333333333333703e-01,0.000000000000000000e+00,2.323285351547133004e-02
3.125000000000000000e-01,9.876543209876542662e-02,1.000000000000000000e+00,0.000000000000000000e+00
6.250000000000000000e-01,5.432098765432098464e-01,1.000000000000000000e+00,5.127250616327017063e-03
1.458333333333332593e-01,5.432098765432098464e-01,0.000000000000000000e+00,0.000000000000000000e+00
3.541666666666666297e-01,5.308641975308641126e-01,1.000000000000000000e+00,2.085366965205044942e-01
9.166666666666665186e-01,6.049382716049382935e-01,0.000000000000000000e+00,3.532154324125693634e-01
3.125000000000000000e-01,1.851851851851852304e-01,0.000000000000000000e+00,0.000000000000000000e+00
6.041666666666666297e-01,2.716049382716050342e-01,1.000000000000000000e+00,1.510415986277113265e-01
6.250000000000000000e-01,2.839506172839506570e-01,0.000000000000000000e+00,7.749175238829660861e-01
5.000000000000000000e-01,7.407407407407418098e-02,0.000000000000000000e+00,0.000000000000000000e+00
9.791666666666665186e-01,5.308641975308641126e-01,0.000000000000000000e+00,7.356044771870465793e-01
9.791666666666665186e-01,5.925925925925925597e-01,0.000000000000000000e+00,0.000000000000000000e+00
6.666666666666665186e-01,1.604938271604938738e-01,0.000000000000000000e+00,3.404759207323898584e-02
4.583333333333332593e-01,1.975308641975308532e-01,0.000000000000000000e+00,2.650407892310963076e-02
9.791666666666665186e-01,3.580246913580247270e-01,0.000000000000000000e+00,3.149253355601516757e-02
0.000000000000000000e+00,3.827160493827161947e-01,0.000000000000000000e+00,0.000000000000000000e+00
9.166666666666665186e-01,1.604938271604938738e-01,0.000000000000000000e+00,0.000000000000000000e+00
3.750000000000000000e-01,5.432098765432098464e-01,0.000000000000000000e+00,0.000000000000000000e+00
2.916666666666666297e-01,5.802469135802470479e-01,0.000000000000000000e+00,1.098758145137322395e-01
7.083333333333332593e-01,2.345679012345679437e-01,1.000000000000000000e+00,1.107275508257618557e-01
1.875000000000000000e-01,4.320987654320986859e-01,0.000000000000000000e+00,9.999999999999998890e-01
9.791666666666665186e-01,3.950617283950617065e-01,0.000000000000000000e+00,5.358392161143852306e-01
2.708333333333332593e-01,4.938271604938271331e-01,0.000000000000000000e+00,0.000000000000000000e+00
7.083333333333332593e-01,3.827160493827161947e-01,0.000000000000000000e+00,1.092966654597250509e-01
1.666666666666666297e-01,1.975308641975308532e-01,1.000000000000000000e+00,3.466637319186066657e-01
4.583333333333332593e-01,3.950617283950617065e-01,0.000000000000000000e+00,3.576272506383093575e-02
1.458333333333332593e-01,5.061728395061728669e-01,0.000000000000000000e+00,1.397782590046714457e-02
6.250000000000000000e-02,5.925925925925925597e-01,0.000000000000000000e+00,4.051720314206763707e-02
6.250000000000000000e-02,4.567901234567901536e-01,0.000000000000000000e+00,2.917221672109163721e-01
2.291666666666666297e-01,1.358024691358025171e-01,0.000000000000000000e+00,0.000000000000000000e+00
6.666666666666665186e-01,2.839506172839506570e-01,0.000000000000000000e+00,0.000000000000000000e+00
5.416666666666666297e-01,7.407407407407418098e-02,0.000000000000000000e+00,1.516681535096031652e-01
7.916666666666665186e-01,9.876543209876542662e-02,1.000000000000000000e+00,1.056026105236116397e-01
6.250000000000000000e-01,4.691358024691358874e-01,0.000000000000000000e+00,8.640434003039526578e-02
7.916666666666665186e-01,1.728395061728396076e-01,0.000000000000000000e+00,0.000000000000000000e+00
6.666666666666665186e-01,2.592592592592593004e-01,1.000000000000000000e+00,3.358751541976179311e-01
8.750000000000000000e-01,1.481481481481481399e-01,1.000000000000000000e+00,9.999999999999998890e-01
0.000000000000000000e+00,1.111111111111111605e-01,0.000000000000000000e+00,1.325006930265729688e-01
4.791666666666666297e-01,8.641975308641980380e-02,0.000000000000000000e+00,0.000000000000000000e+00
3.541666666666666297e-01,2.962962962962962798e-01,0.000000000000000000e+00,2.483536013302428680e-01
1.250000000000000000e-01,6.049382716049382935e-01,0.000000000000000000e+00,0.000000000000000000e+00
8.333333333333331483e-02,4.320987654320986859e-01,0.000000000000000000e+00,0.000000000000000000e+00
4.166666666666662966e-02,1.851851851851852304e-01,0.000000000000000000e+00,3.625974144020593926e-02
6.250000000000000000e-01,2.839506172839506570e-01,0.000000000000000000e+00,0.000000000000000000e+00
0.000000000000000000e+00,2.592592592592593004e-01,0.000000000000000000e+00,0.000000000000000000e+00
8.958333333333332593e-01,1.851851851851852304e-01,1.000000000000000000e+00,0.000000000000000000e+00
3.958333333333332593e-01,2.222222222222223209e-01,0.000000000000000000e+00,0.000000000000000000e+00
7.500000000000000000e-01,1.975308641975308532e-01,1.000000000000000000e+00,0.000000000000000000e+00
2.291666666666666297e-01,2.839506172839506570e-01,0.000000000000000000e+00,0.000000000000000000e+00
6.250000000000000000e-02,2.962962962962962798e-01,0.000000000000000000e+00,0.000000000000000000e+00
7.708333333333332593e-01,2.716049382716050342e-01,0.000000000000000000e+00,0.000000000000000000e+00
9.791666666666665186e-01,2.716049382716050342e-01,1.000000000000000000e+00,0.000000000000000000e+00
2.083333333333332593e-01,2.222222222222223209e-01,0.000000000000000000e+00,3.459543464298037163e-02
8.958333333333332593e-01,1.851851851851852304e-01,0.000000000000000000e+00,4.201574752469708907e-01
5.416666666666666297e-01,2.962962962962962798e-01,0.000000000000000000e+00,6.933543907504285952e-02
7.291666666666665186e-01,2.962962962962962798e-01,1.000000000000000000e+00,3.362309793695583693e-02
1.458333333333332593e-01,2.839506172839506570e-01,0.000000000000000000e+00,5.163635889427342640e-02
3.125000000000000000e-01,2.716049382716050342e-01,0.000000000000000000e+00,8.324256465541779448e-02
1.000000000000000000e+00,1.851851851851852304e-01,0.000000000000000000e+00,0.000000000000000000e+00
2.083333333333332593e-01,2.222222222222223209e-01,0.000000000000000000e+00,4.657473579565918342e-03
9.166666666666665186e-01,1.975308641975308532e-01,0.000000000000000000e+00,1.048648602372469485e-01
1.458333333333332593e-01,1.851851851851852304e-01,0.000000000000000000e+00,0.000000000000000000e+00
0.000000000000000000e+00,2.098765432098765871e-01,0.000000000000000000e+00,2.910662291289765058e-01
4.375000000000000000e-01,2.098765432098765871e-01,0.000000000000000000e+00,3.850836697724826507e-01
2.083333333333332593e-01,2.098765432098765871e-01,0.000000000000000000e+00,0.000000000000000000e+00
5.000000000000000000e-01,2.222222222222223209e-01,0.000000000000000000e+00,0.000000000000000000e+00
3.541666666666666297e-01,2.222222222222223209e-01,0.000000000000000000e+00,0.000000000000000000e+00
6.875000000000000000e-01,2.592592592592593004e-01,0.000000000000000000e+00,2.276938404580968189e-01
6.250000000000000000e-01,1.975308641975308532e-01,0.000000000000000000e+00,0.000000000000000000e+00
6.875000000000000000e-01,1.851851851851852304e-01,0.000000000000000000e+00,0.000000000000000000e+00
1.041666666666666297e-01,2.222222222222223209e-01,0.000000000000000000e+00,0.000000000000000000e+00
7.291666666666665186e-01,2.098765432098765871e-01,1.000000000000000000e+00,4.037549742729912294e-02
2.708333333333332593e-01,2.098765432098765871e-01,0.000000000000000000e+00,0.000000000000000000e+00
5.416666666666666297e-01,1.851851851851852304e-01,1.000000000000000000e+00,5.106270499722505019e-01
6.875000000000000000e-01,1.975308641975308532e-01,0.000000000000000000e+00,0.000000000000000000e+00
3.958333333333332593e-01,1.975308641975308532e-01,1.000000000000000000e+00,4.242265916733045650e-02
8.333333333333331483e-02,2.592592592592593004e-01,0.000000000000000000e+00,0.000000000000000000e+00
5.833333333333332593e-01,2.962962962962962798e-01,1.000000000000000000e+00,0.000000000000000000e+00
8.333333333333331483e-02,2.592592592592593004e-01,0.000000000000000000e+00,0.000000000000000000e+00
7.083333333333332593e-01,1.851851851851852304e-01,0.000000000000000000e+00,3.203485914825241476e-01
2.916666666666666297e-01,2.098765432098765871e-01,0.000000000000000000e+00,0.000000000000000000e+00
5.625000000000000000e-01,2.098765432098765871e-01,0.000000000000000000e+00,9.472396791131704186e-02
5.208333333333332593e-01,2.345679012345679437e-01,0.000000000000000000e+00,0.000000000000000000e+00
8.333333333333332593e-01,2.962962962962962798e-01,0.000000000000000000e+00,0.000000000000000000e+00
5.000000000000000000e-01,1.975308641975308532e-01,0.000000000000000000e+00,1.522238961029853122e-01
9.166666666666665186e-01,1.975308641975308532e-01,0.000000000000000000e+00,3.178126700286143524e-01
5.625000000000000000e-01,2.592592592592593004e-01,0.000000000000000000e+00,0.000000000000000000e+00
6.041666666666666297e-01,2.222222222222223209e-01,0.000000000000000000e+00,0.000000000000000000e+00
1.875000000000000000e-01,2.469135802469135665e-01,0.000000000000000000e+00,9.884859743413668687e-01
0.000000000000000000e+00,2.962962962962962798e-01,0.000000000000000000e+00,0.000000000000000000e+00
7.708333333333332593e-01,2.469135802469135665e-01,0.000000000000000000e+00,0.000000000000000000e+00
4.166666666666666297e-01,2.345679012345679437e-01,0.000000000000000000e+00,9.999999999999998890e-01
3.958333333333332593e-01,2.469135802469135665e-01,1.000000000000000000e+00,0.000000000000000000e+00
6.875000000000000000e-01,2.222222222222223209e-01,0.000000000000000000e+00,0.000000000000000000e+00
2.083333333333331483e-02,2.592592592592593004e-01,0.000000000000000000e+00,0.000000000000000000e+00
3.333333333333332593e-01,2.716049382716050342e-01,1.000000000000000000e+00,1.212747253215866183e-01
8.125000000000000000e-01,2.716049382716050342e-01,1.000000000000000000e+00,7.378883156158383416e-02
3.333333333333332593e-01,2.962962962962962798e-01,0.000000000000000000e+00,0.000000000000000000e+00
4.375000000000000000e-01,2.839506172839506570e-01,1.000000000000000000e+00,8.413947725905807085e-01
7.708333333333332593e-01,2.345679012345679437e-01,0.000000000000000000e+00,0.000000000000000000e+00
2.500000000000000000e-01,2.222222222222223209e-01,0.000000000000000000e+00,0.000000000000000000e+00
9.166666666666665186e-01,2.469135802469135665e-01,1.000000000000000000e+00,3.307436792154822003e-01
1.458333333333332593e-01,2.839506172839506570e-01,0.000000000000000000e+00,5.120783833807597274e-01
2.083333333333331483e-02,2.469135802469135665e-01,0.000000000000000000e+00,0.000000000000000000e+00
6.875000000000000000e-01,2.592592592592593004e-01,0.000000000000000000e+00,0.000000000000000000e+00
2.500000000000000000e-01,2.469135802469135665e-01,0.000000000000000000e+00,3.615868014852984258e-01
4.583333333333332593e-01,2.345679012345679437e-01,0.000000000000000000e+00,0.000000000000000000e+00
6.250000000000000000e-02,2.222222222222223209e-01,0.000000000000000000e+00,0.000000000000000000e+00
7.500000000000000000e-01,2.716049382716050342e-01,1.000000000000000000e+00,3.336645283477318591e-01
9.375000000000000000e-01,1.851851851851852304e-01,0.000000000000000000e+00,1.699048436291644704e-02
1.000000000000000000e+00,1.851851851851852304e-01,0.000000000000000000e+00,0.000000000000000000e+00
5.208333333333332593e-01,2.962962962962962798e-01,0.000000000000000000e+00,1.171003046315018392e-01
6.041666666666666297e-01,2.469135802469135665e-01,0.000000000000000000e+00,0.000000000000000000e+00
2.291666666666666297e-01,1.975308641975308532e-01,0.000000000000000000e+00,0.000000000000000000e+00
7.291666666666665186e-01,2.962962962962962798e-01,0.000000000000000000e+00,4.830293191073912196e-01
3.125000000000000000e-01,2.345679012345679437e-01,0.000000000000000000e+00,5.098205159394317842e-01
6.250000000000000000e-02,2.716049382716050342e-01,0.000000000000000000e+00,7.758884353580608462e-02
9.166666666666665186e-01,2.098765432098765871e-01,0.000000000000000000e+00,3.904965064719884138e-02
4.791666666666666297e-01,1.975308641975308532e-01,0.000000000000000000e+00,9.999999999999998890e-01
1.250000000000000000e-01,1.975308641975308532e-01,0.000000000000000000e+00,0.000000000000000000e+00
2.708333333333332593e-01,2.716049382716050342e-01,0.000000000000000000e+00,0.000000000000000000e+00
2.083333333333331483e-02,1.975308641975308532e-01,0.000000000000000000e+00,1.204028511441103122e-01
8.333333333333331483e-02,2.592592592592593004e-01,0.000000000000000000e+00,5.956139490735842257e-01
4.791666666666666297e-01,2.962962962962962798e-01,0.000000000000000000e+00,6.738163905621030736e-01
8.958333333333332593e-01,2.222222222222223209e-01,1.000000000000000000e+00,0.000000000000000000e+00
5.000000000000000000e-01,2.962962962962962798e-01,0.000000000000000000e+00,1.047500479735781753e-01
7.500000000000000000e-01,2.222222222222223209e-01,0.000000000000000000e+00,0.000000000000000000e+00
7.500000000000000000e-01,2.345679012345679437e-01,0.000000000000000000e+00,0.000000000000000000e+00
4.166666666666666297e-01,2.469135802469135665e-01,1.000000000000000000e+00,0.000000000000000000e+00
2.083333333333331483e-02,2.222222222222223209e-01,0.000000000000000000e+00,0.000000000000000000e+00
6.250000000000000000e-01,2.098765432098765871e-01,1.000000000000000000e+00,7.353578414709981415e-01
2.708333333333332593e-01,1.851851851851852304e-01,1.000000000000000000e+00,0.000000000000000000e+00
5.208333333333332593e-01,2.592592592592593004e-01,0.000000000000000000e+00,0.000000000000000000e+00
4.583333333333332593e-01,1.851851851851852304e-01,1.000000000000000000e+00,1.207918039064372340e-01
3.541666666666666297e-01,2.098765432098765871e-01,0.000000000000000000e+00,4.948229488300779355e-01
1.458333333333332593e-01,2.345679012345679437e-01,1.000000000000000000e+00,1.549508891569189584e-01
7.291666666666665186e-01,1.851851851851852304e-01,0.000000000000000000e+00,9.999999999999998890e-01
5.208333333333332593e-01,2.716049382716050342e-01,0.000000000000000000e+00,1.292521811622554528e-02
7.708333333333332593e-01,2.716049382716050342e-01,0.000000000000000000e+00,9.142186552100950436e-02
5.625000000000000000e-01,2.716049382716050342e-01,0.000000000000000000e+00,9.590566873451783492e-02
2.291666666666666297e-01,2.592592592592593004e-01,0.000000000000000000e+00,5.735180250649406508e-01
8.750000000000000000e-01,2.222222222222223209e-01,0.000000000000000000e+00,1.630833219721659066e-01
2.500000000000000000e-01,2.469135802469135665e-01,0.000000000000000000e+00,4.362007282252500229e-03
7.083333333333332593e-01,1.975308641975308532e-01,0.000000000000000000e+00,0.000000000000000000e+00
1.458333333333332593e-01,2.222222222222223209e-01,0.000000000000000000e+00,8.767262535755998565e-02
5.416666666666666297e-01,1.851851851851852304e-01,0.000000000000000000e+00,5.534832661523233499e-01
9.166666666666665186e-01,1.851851851851852304e-01,0.000000000000000000e+00,0.000000000000000000e+00
9.375000000000000000e-01,2.716049382716050342e-01,0.000000000000000000e+00,1.699540864185797862e-01
6.250000000000000000e-02,1.851851851851852304e-01,0.000000000000000000e+00,8.811835406086765410e-02
5.833333333333332593e-01,1.975308641975308532e-01,0.000000000000000000e+00,2.902055741393509969e-01
1.875000000000000000e-01,2.962962962962962798e-01,0.000000000000000000e+00,0.000000000000000000e+00
0.000000000000000000e+00,2.345679012345679437e-01,0.000000000000000000e+00,9.999999999999998890e-01
1.000000000000000000e+00,2.962962962962962798e-01,0.000000000000000000e+00,0.000000000000000000e+00
1.041666666666666297e-01,2.716049382716050342e-01,0.000000000000000000e+00,0.000000000000000000e+00
8.541666666666665186e-01,1.851851851851852304e-01,0.000000000000000000e+00,3.210676859856125276e-01
2.916666666666666297e-01,2.345679012345679437e-01,0.000000000000000000e+00,1.015928376409134803e-01
6.458333333333332593e-01,1.975308641975308532e-01,0.000000000000000000e+00,2.768441808902525336e-01
1.875000000000000000e-01,2.222222222222223209e-01,0.000000000000000000e+00,0.000000000000000000e+00
3.541666666666666297e-01,1.975308641975308532e-01,0.000000000000000000e+00,1.289657903520652349e-02
1.000000000000000000e+00,2.469135802469135665e-01,1.000000000000000000e+00,3.165535274786124287e-02
5.000000000000000000e-01,1.975308641975308532e-01,0.000000000000000000e+00,6.581538674433591307e-01
0.000000000000000000e+00,2.716049382716050342e-01,0.000000000000000000e+00,2.244868720895334402e-01
5.625000000000000000e-01,1.851851851851852304e-01,0.000000000000000000e+00,2.638771916484101698e-01
5.833333333333332593e-01,2.962962962962962798e-01,0.000000000000000000e+00,0.000000000000000000e+00
1.666666666666666297e-01,1.851851851851852304e-01,0.000000000000000000e+00,3.342876529702415445e-01
2.708333333333332593e-01,2.962962962962962798e-01,0.000000000000000000e+00,8.277510562537571115e-02
2.083333333333332593e-01,1.851851851851852304e-01,0.000000000000000000e+00,5.463473162686457441e-01
6.041666666666666297e-01,1.851851851851852304e-01,0.000000000000000000e+00,9.999999999999998890e-01
5.416666666666666297e-01,2.962962962962962798e-01,0.000000000000000000e+00,0.000000000000000000e+00
6.250000000000000000e-02,2.839506172839506570e-01,0.000000000000000000e+00,0.000000000000000000e+00
5.625000000000000000e-01,1.975308641975308532e-01,1.000000000000000000e+00,0.000000000000000000e+00
4.583333333333332593e-01,2.345679012345679437e-01,0.000000000000000000e+00,0.000000000000000000e+00
1.250000000000000000e-01,2.469135802469135665e-01,0.000000000000000000e+00,0.000000000000000000e+00
4.583333333333332593e-01,2.839506172839506570e-01,0.000000000000000000e+00,1.189904840143451992e-01
0.000000000000000000e+00,1.975308641975308532e-01,0.000000000000000000e+00,0.000000000000000000e+00
9.583333333333332593e-01,2.345679012345679437e-01,0.000000000000000000e+00,0.000000000000000000e+00
7.916666666666665186e-01,2.469135802469135665e-01,0.000000000000000000e+00,3.772455132095463570e-01
6.041666666666666297e-01,2.716049382716050342e-01,0.000000000000000000e+00,0.000000000000000000e+00
6.250000000000000000e-02,2.962962962962962798e-01,0.000000000000000000e+00,1.403883836617453307e-01
